"student_id","term_number","term_name","course_id","credits","action"
"g8rnm7mu08",2,"Summer 2020","BUS201",3,"add"
"g8rnm7mu08",2,"Summer 2020","BUS228",3,"add"
"g8rnm7mu08",2,"Summer 2020","BUS205",3,"add"
"g8rnm7mu08",2,"Summer 2020","BUS217",3,"add"
"rzzkqhb0uh",2,"Summer 2020","BUS201",3,"add"
"rzzkqhb0uh",2,"Summer 2020","BUS215",4,"add"
"ui5ktto9et",2,"Summer 2020","BUS201",3,"add"
"ui5ktto9et",2,"Summer 2020","BUS228",3,"add"
"ui5ktto9et",2,"Summer 2020","BUS225",3,"add"
"ui5ktto9et",2,"Summer 2020","BUS218",3,"add"
"wnlicjueky",2,"Summer 2020","BUS201",3,"add"
"wnlicjueky",2,"Summer 2020","BUS215",3,"add"
"wnlicjueky",2,"Summer 2020","BUS228",3,"add"
"wnlicjueky",2,"Summer 2020","BUS227",3,"add"
"k62hggi037",2,"Summer 2020","BUS201",3,"add"
"k62hggi037",2,"Summer 2020","BUS207",3,"add"
"k62hggi037",2,"Summer 2020","BUS203",3,"add"
"k62hggi037",2,"Summer 2020","BUS209",3,"add"
"3fxuhykqdf",2,"Summer 2020","BUS201",4,"add"
"3fxuhykqdf",2,"Summer 2020","BUS203",3,"add"
"3fxuhykqdf",2,"Summer 2020","BUS226",3,"add"
"3fxuhykqdf",2,"Summer 2020","BUS202",3,"add"
"bc5pwt17k6",2,"Summer 2020","BUS201",3,"add"
"bc5pwt17k6",2,"Summer 2020","BUS210",4,"add"
"qcrrj1lkxh",2,"Summer 2020","BUS201",3,"add"
"qcrrj1lkxh",2,"Summer 2020","BUS211",4,"add"
"qcrrj1lkxh",2,"Summer 2020","BUS216",4,"add"
"qcrrj1lkxh",2,"Summer 2020","BUS209",3,"add"
"zrpfe17m3d",2,"Summer 2020","BUS201",3,"add"
"zrpfe17m3d",2,"Summer 2020","BUS225",4,"add"
"zrpfe17m3d",2,"Summer 2020","BUS208",3,"add"
"zrpfe17m3d",2,"Summer 2020","BUS227",4,"add"
"zrpfe17m3d",2,"Summer 2020","BUS227",-4,"drop"
"zrpfe17m3d",2,"Summer 2020","BUS201",-3,"drop"
"zrpfe17m3d",2,"Summer 2020","BUS208",-3,"drop"
"zrpfe17m3d",2,"Summer 2020","BUS225",-4,"drop"
"byqoymmfpo",2,"Summer 2020","BUS201",3,"add"
"byqoymmfpo",2,"Summer 2020","BUS211",3,"add"
"xiybclblc1",2,"Summer 2020","BUS201",3,"add"
"xiybclblc1",2,"Summer 2020","BUS226",3,"add"
"h3hnhl70gy",2,"Summer 2020","BUS201",3,"add"
"h3hnhl70gy",2,"Summer 2020","BUS208",3,"add"
"d8oa9hlv7d",2,"Summer 2020","BUS201",3,"add"
"d8oa9hlv7d",2,"Summer 2020","BUS229",3,"add"
"d8oa9hlv7d",2,"Summer 2020","BUS205",3,"add"
"d8oa9hlv7d",2,"Summer 2020","BUS207",4,"add"
"r40ppqpvmp",2,"Summer 2020","BUS201",3,"add"
"r40ppqpvmp",2,"Summer 2020","BUS202",3,"add"
"r40ppqpvmp",2,"Summer 2020","BUS214",3,"add"
"r40ppqpvmp",2,"Summer 2020","BUS227",3,"add"
"r40ppqpvmp",2,"Summer 2020","BUS227",-3,"drop"
"ze25svfn47",2,"Summer 2020","BUS201",3,"add"
"ze25svfn47",2,"Summer 2020","BUS215",4,"add"
"ze25svfn47",2,"Summer 2020","BUS203",3,"add"
"ze25svfn47",2,"Summer 2020","BUS224",4,"add"
"0tuf0mqhv8",2,"Summer 2020","BUS201",3,"add"
"0tuf0mqhv8",2,"Summer 2020","BUS202",3,"add"
"0tuf0mqhv8",2,"Summer 2020","BUS202",-3,"drop"
"tu6693zwp5",2,"Summer 2020","BUS201",4,"add"
"tu6693zwp5",2,"Summer 2020","BUS228",3,"add"
"tu6693zwp5",2,"Summer 2020","BUS212",3,"add"
"tu6693zwp5",2,"Summer 2020","BUS220",3,"add"
"zusg2zutn5",2,"Summer 2020","BUS201",4,"add"
"zusg2zutn5",2,"Summer 2020","BUS212",3,"add"
"zusg2zutn5",2,"Summer 2020","BUS225",3,"add"
"zusg2zutn5",2,"Summer 2020","BUS209",3,"add"
"lp6pzjhwz5",2,"Summer 2020","BUS201",3,"add"
"lp6pzjhwz5",2,"Summer 2020","BUS214",3,"add"
"dz5x5ordz7",2,"Summer 2020","BUS201",3,"add"
"dz5x5ordz7",2,"Summer 2020","BUS220",4,"add"
"dz5x5ordz7",2,"Summer 2020","BUS218",4,"add"
"dz5x5ordz7",2,"Summer 2020","BUS210",3,"add"
"dz5x5ordz7",2,"Summer 2020","BUS201",-3,"drop"
"dz5x5ordz7",2,"Summer 2020","BUS220",-4,"drop"
"dz5x5ordz7",2,"Summer 2020","BUS218",-4,"drop"
"dz5x5ordz7",2,"Summer 2020","BUS210",-3,"drop"
"h02rucrgvp",2,"Summer 2020","BUS201",3,"add"
"h02rucrgvp",2,"Summer 2020","BUS220",3,"add"
"h02rucrgvp",2,"Summer 2020","BUS212",3,"add"
"gdzis1bygh",2,"Summer 2020","BUS201",3,"add"
"gdzis1bygh",2,"Summer 2020","BUS225",3,"add"
"gdzis1bygh",2,"Summer 2020","BUS201",-3,"drop"
"gdzis1bygh",2,"Summer 2020","BUS225",-3,"drop"
"ye1rvg1cd1",2,"Summer 2020","BUS201",3,"add"
"ye1rvg1cd1",2,"Summer 2020","BUS218",3,"add"
"ye1rvg1cd1",2,"Summer 2020","BUS218",-3,"drop"
"yj77corqlu",2,"Summer 2020","BUS201",3,"add"
"yj77corqlu",2,"Summer 2020","BUS222",3,"add"
"yj77corqlu",2,"Summer 2020","BUS222",-3,"drop"
"yj77corqlu",2,"Summer 2020","BUS201",-3,"drop"
"dszm91gh2l",2,"Summer 2020","BUS201",3,"add"
"dszm91gh2l",2,"Summer 2020","BUS212",3,"add"
"dszm91gh2l",2,"Summer 2020","BUS209",3,"add"
"dszm91gh2l",2,"Summer 2020","BUS216",3,"add"
"v8w96qxugz",2,"Summer 2020","BUS201",3,"add"
"v8w96qxugz",2,"Summer 2020","BUS225",3,"add"
"v8w96qxugz",2,"Summer 2020","BUS214",3,"add"
"3wv4sbsx37",2,"Summer 2020","BUS201",3,"add"
"3wv4sbsx37",2,"Summer 2020","BUS204",3,"add"
"3wv4sbsx37",2,"Summer 2020","BUS220",3,"add"
"3wv4sbsx37",2,"Summer 2020","BUS204",-3,"drop"
"3wv4sbsx37",2,"Summer 2020","BUS220",-3,"drop"
"3wv4sbsx37",2,"Summer 2020","BUS201",-3,"drop"
"bpruk7ql9y",2,"Summer 2020","BUS201",3,"add"
"bpruk7ql9y",2,"Summer 2020","BUS220",3,"add"
"bpruk7ql9y",2,"Summer 2020","BUS226",4,"add"
"itzjhzohod",2,"Summer 2020","BUS201",3,"add"
"itzjhzohod",2,"Summer 2020","BUS210",3,"add"
"f0b0s5u3wc",2,"Summer 2020","BUS201",3,"add"
"f0b0s5u3wc",2,"Summer 2020","BUS222",3,"add"
"f0b0s5u3wc",2,"Summer 2020","BUS229",4,"add"
"f0b0s5u3wc",2,"Summer 2020","BUS229",-4,"drop"
"f0b0s5u3wc",2,"Summer 2020","BUS201",-3,"drop"
"f0b0s5u3wc",2,"Summer 2020","BUS222",-3,"drop"
"7uhxe4vcmh",2,"Summer 2020","BUS201",3,"add"
"7uhxe4vcmh",2,"Summer 2020","BUS223",3,"add"
"7uhxe4vcmh",2,"Summer 2020","BUS217",3,"add"
"c15y2bs7jd",2,"Summer 2020","BUS201",3,"add"
"c15y2bs7jd",2,"Summer 2020","BUS220",3,"add"
"u14wz6wltr",2,"Summer 2020","BUS201",3,"add"
"u14wz6wltr",2,"Summer 2020","BUS202",4,"add"
"u14wz6wltr",2,"Summer 2020","BUS205",3,"add"
"u14wz6wltr",2,"Summer 2020","BUS227",4,"add"
"phlhywshxd",2,"Summer 2020","BUS201",3,"add"
"phlhywshxd",2,"Summer 2020","BUS230",3,"add"
"phlhywshxd",2,"Summer 2020","BUS230",-3,"drop"
"phlhywshxd",2,"Summer 2020","BUS201",-3,"drop"
"6gr99yhtx4",2,"Summer 2020","BUS201",3,"add"
"6gr99yhtx4",2,"Summer 2020","BUS206",3,"add"
"gzacmv7c4t",2,"Summer 2020","BUS201",3,"add"
"gzacmv7c4t",2,"Summer 2020","BUS228",4,"add"
"gzacmv7c4t",2,"Summer 2020","BUS225",3,"add"
"4c519z0d78",2,"Summer 2020","BUS201",3,"add"
"4c519z0d78",2,"Summer 2020","BUS221",3,"add"
"4c519z0d78",2,"Summer 2020","BUS201",-3,"drop"
"7u75gfllvr",2,"Summer 2020","BUS201",4,"add"
"7u75gfllvr",2,"Summer 2020","BUS227",3,"add"
"siult6fcvf",2,"Summer 2020","BUS201",4,"add"
"siult6fcvf",2,"Summer 2020","BUS223",3,"add"
"siult6fcvf",2,"Summer 2020","BUS213",3,"add"
"siult6fcvf",2,"Summer 2020","BUS201",-4,"drop"
"vz0boqrudi",2,"Summer 2020","BUS201",3,"add"
"vz0boqrudi",2,"Summer 2020","BUS222",3,"add"
"vz0boqrudi",2,"Summer 2020","BUS227",3,"add"
"vz0boqrudi",2,"Summer 2020","BUS202",3,"add"
"vz0boqrudi",2,"Summer 2020","BUS222",-3,"drop"
"9zrjqc2hdw",2,"Summer 2020","BUS201",3,"add"
"9zrjqc2hdw",2,"Summer 2020","BUS224",3,"add"
"9zrjqc2hdw",2,"Summer 2020","BUS229",3,"add"
"n8r78w061x",2,"Summer 2020","BUS201",3,"add"
"n8r78w061x",2,"Summer 2020","BUS207",3,"add"
"n8r78w061x",2,"Summer 2020","BUS229",3,"add"
"n8r78w061x",2,"Summer 2020","BUS220",3,"add"
"n8r78w061x",2,"Summer 2020","BUS220",-3,"drop"
"vxm7t4jm4z",2,"Summer 2020","BUS201",3,"add"
"vxm7t4jm4z",2,"Summer 2020","BUS210",3,"add"
"vxm7t4jm4z",2,"Summer 2020","BUS230",3,"add"
"nsiiwxi7um",2,"Summer 2020","BUS201",3,"add"
"nsiiwxi7um",2,"Summer 2020","BUS218",4,"add"
"nsiiwxi7um",2,"Summer 2020","BUS208",3,"add"
"nsiiwxi7um",2,"Summer 2020","BUS208",-3,"drop"
"nsiiwxi7um",2,"Summer 2020","BUS201",-3,"drop"
"nsiiwxi7um",2,"Summer 2020","BUS218",-4,"drop"
"6lyb07shvc",2,"Summer 2020","BUS201",3,"add"
"6lyb07shvc",2,"Summer 2020","BUS213",3,"add"
"7lzu0obih5",2,"Summer 2020","BUS201",4,"add"
"7lzu0obih5",2,"Summer 2020","BUS211",3,"add"
"mh2r8w1nse",2,"Summer 2020","BUS201",3,"add"
"mh2r8w1nse",2,"Summer 2020","BUS223",3,"add"
"ytjh811186",2,"Summer 2020","BUS201",3,"add"
"ytjh811186",2,"Summer 2020","BUS203",3,"add"
"ytjh811186",2,"Summer 2020","BUS211",3,"add"
"ytjh811186",2,"Summer 2020","BUS211",-3,"drop"
"yadhsh8lgd",2,"Summer 2020","BUS201",3,"add"
"yadhsh8lgd",2,"Summer 2020","BUS212",3,"add"
"yadhsh8lgd",2,"Summer 2020","BUS228",3,"add"
"go56o965sx",2,"Summer 2020","BUS201",4,"add"
"go56o965sx",2,"Summer 2020","BUS209",4,"add"
"go56o965sx",2,"Summer 2020","BUS221",3,"add"
"2zsiaq3l4x",2,"Summer 2020","BUS201",3,"add"
"2zsiaq3l4x",2,"Summer 2020","BUS213",3,"add"
"2zsiaq3l4x",2,"Summer 2020","BUS217",3,"add"
"2zsiaq3l4x",2,"Summer 2020","BUS201",-3,"drop"
"3hj817vs6w",2,"Summer 2020","BUS201",4,"add"
"3hj817vs6w",2,"Summer 2020","BUS211",3,"add"
"3hj817vs6w",2,"Summer 2020","BUS203",4,"add"
"3hj817vs6w",2,"Summer 2020","BUS215",3,"add"
"3hj817vs6w",2,"Summer 2020","BUS201",-4,"drop"
"3hj817vs6w",2,"Summer 2020","BUS203",-4,"drop"
"3hj817vs6w",2,"Summer 2020","BUS215",-3,"drop"
"3hj817vs6w",2,"Summer 2020","BUS211",-3,"drop"
"eml133ah38",2,"Summer 2020","BUS201",3,"add"
"eml133ah38",2,"Summer 2020","BUS224",3,"add"
"0p3962qah0",2,"Summer 2020","BUS201",4,"add"
"0p3962qah0",2,"Summer 2020","BUS225",3,"add"
"0p3962qah0",2,"Summer 2020","BUS225",-3,"drop"
"0p3962qah0",2,"Summer 2020","BUS201",-4,"drop"
"ose5sqyrhp",2,"Summer 2020","BUS201",4,"add"
"ose5sqyrhp",2,"Summer 2020","BUS209",3,"add"
"tv8v59w26c",2,"Summer 2020","BUS201",3,"add"
"tv8v59w26c",2,"Summer 2020","BUS210",4,"add"
"tv8v59w26c",2,"Summer 2020","BUS222",3,"add"
"tv8v59w26c",2,"Summer 2020","BUS207",3,"add"
"k7mep0ypqs",2,"Summer 2020","BUS201",3,"add"
"k7mep0ypqs",2,"Summer 2020","BUS202",3,"add"
"k7mep0ypqs",2,"Summer 2020","BUS201",-3,"drop"
"k7mep0ypqs",2,"Summer 2020","BUS202",-3,"drop"
"2m1bpwvpc5",2,"Summer 2020","BUS201",3,"add"
"2m1bpwvpc5",2,"Summer 2020","BUS203",3,"add"
"2m1bpwvpc5",2,"Summer 2020","BUS222",3,"add"
"2m1bpwvpc5",2,"Summer 2020","BUS230",4,"add"
"3681hjzgn5",2,"Summer 2020","BUS201",3,"add"
"3681hjzgn5",2,"Summer 2020","BUS211",3,"add"
"3681hjzgn5",2,"Summer 2020","BUS224",3,"add"
"3681hjzgn5",2,"Summer 2020","BUS219",3,"add"
"zoms9i5p05",2,"Summer 2020","BUS201",3,"add"
"zoms9i5p05",2,"Summer 2020","BUS206",4,"add"
"zoms9i5p05",2,"Summer 2020","BUS201",-3,"drop"
"8nezqzg85s",2,"Summer 2020","BUS201",3,"add"
"8nezqzg85s",2,"Summer 2020","BUS215",3,"add"
"0wcymvzw2d",2,"Summer 2020","BUS201",3,"add"
"0wcymvzw2d",2,"Summer 2020","BUS205",3,"add"
"0wcymvzw2d",2,"Summer 2020","BUS205",-3,"drop"
"o7e6jy7k3w",2,"Summer 2020","BUS201",3,"add"
"o7e6jy7k3w",2,"Summer 2020","BUS225",3,"add"
"o7e6jy7k3w",2,"Summer 2020","BUS224",3,"add"
"z5dcbu1ezx",2,"Summer 2020","BUS201",3,"add"
"z5dcbu1ezx",2,"Summer 2020","BUS223",3,"add"
"z5dcbu1ezx",2,"Summer 2020","BUS225",3,"add"
"3si7456wfw",2,"Summer 2020","BUS201",3,"add"
"3si7456wfw",2,"Summer 2020","BUS209",3,"add"
"3si7456wfw",2,"Summer 2020","BUS225",3,"add"
"3si7456wfw",2,"Summer 2020","BUS206",3,"add"
"3si7456wfw",2,"Summer 2020","BUS201",-3,"drop"
"agnox7tb50",2,"Summer 2020","BUS201",3,"add"
"agnox7tb50",2,"Summer 2020","BUS207",4,"add"
"agnox7tb50",2,"Summer 2020","BUS212",4,"add"
"agnox7tb50",2,"Summer 2020","BUS205",4,"add"
"agnox7tb50",2,"Summer 2020","BUS201",-3,"drop"
"2zpv320osx",2,"Summer 2020","BUS201",3,"add"
"2zpv320osx",2,"Summer 2020","BUS208",4,"add"
"rzo9ufdezf",2,"Summer 2020","BUS201",3,"add"
"rzo9ufdezf",2,"Summer 2020","BUS213",3,"add"
"rzo9ufdezf",2,"Summer 2020","BUS212",3,"add"
"yffkfmhq6m",2,"Summer 2020","BUS201",3,"add"
"yffkfmhq6m",2,"Summer 2020","BUS207",3,"add"
"yffkfmhq6m",2,"Summer 2020","BUS220",3,"add"
"yffkfmhq6m",2,"Summer 2020","BUS229",3,"add"
"vc4j744oi7",2,"Summer 2020","BUS201",3,"add"
"vc4j744oi7",2,"Summer 2020","BUS222",3,"add"
"ogwmb28rc2",2,"Summer 2020","BUS201",3,"add"
"ogwmb28rc2",2,"Summer 2020","BUS210",3,"add"
"ogwmb28rc2",2,"Summer 2020","BUS215",3,"add"
"xg9as9ep9k",2,"Summer 2020","BUS201",3,"add"
"xg9as9ep9k",2,"Summer 2020","BUS207",3,"add"
"xg9as9ep9k",2,"Summer 2020","BUS225",4,"add"
"0p9k2gylai",2,"Summer 2020","BUS201",3,"add"
"0p9k2gylai",2,"Summer 2020","BUS217",3,"add"
"0p9k2gylai",2,"Summer 2020","BUS223",3,"add"
"0p9k2gylai",2,"Summer 2020","BUS218",3,"add"
"60pcgc59up",2,"Summer 2020","BUS201",4,"add"
"60pcgc59up",2,"Summer 2020","BUS206",3,"add"
"60pcgc59up",2,"Summer 2020","BUS201",-4,"drop"
"rdx46zm96j",2,"Summer 2020","BUS201",3,"add"
"rdx46zm96j",2,"Summer 2020","BUS226",3,"add"
"rdx46zm96j",2,"Summer 2020","BUS227",4,"add"
"rdx46zm96j",2,"Summer 2020","BUS216",4,"add"
"rdx46zm96j",2,"Summer 2020","BUS216",-4,"drop"
"ivl0d03y0a",2,"Summer 2020","BUS201",3,"add"
"ivl0d03y0a",2,"Summer 2020","BUS229",4,"add"
"ivl0d03y0a",2,"Summer 2020","BUS220",3,"add"
"ivl0d03y0a",2,"Summer 2020","BUS201",-3,"drop"
"b2v7wyt0os",2,"Summer 2020","BUS201",4,"add"
"b2v7wyt0os",2,"Summer 2020","BUS229",3,"add"
"lt12pydnp7",2,"Summer 2020","BUS201",3,"add"
"lt12pydnp7",2,"Summer 2020","BUS203",3,"add"
"qmajv7kxrn",2,"Summer 2020","BUS201",3,"add"
"qmajv7kxrn",2,"Summer 2020","BUS209",4,"add"
"qmajv7kxrn",2,"Summer 2020","BUS204",3,"add"
"qmajv7kxrn",2,"Summer 2020","BUS201",-3,"drop"
"qmajv7kxrn",2,"Summer 2020","BUS204",-3,"drop"
"qmajv7kxrn",2,"Summer 2020","BUS209",-4,"drop"
"24sqhijblj",2,"Summer 2020","BUS201",4,"add"
"24sqhijblj",2,"Summer 2020","BUS207",3,"add"
"24sqhijblj",2,"Summer 2020","BUS208",3,"add"
"24sqhijblj",2,"Summer 2020","BUS219",3,"add"
"uk8a7h01d5",2,"Summer 2020","BUS201",3,"add"
"uk8a7h01d5",2,"Summer 2020","BUS205",3,"add"
"uk8a7h01d5",2,"Summer 2020","BUS207",4,"add"
"uk8a7h01d5",2,"Summer 2020","BUS202",3,"add"
"uk8a7h01d5",2,"Summer 2020","BUS202",-3,"drop"
"exxfrn9p73",2,"Summer 2020","BUS201",3,"add"
"exxfrn9p73",2,"Summer 2020","BUS213",3,"add"
"xkodpfv7oo",2,"Summer 2020","BUS201",3,"add"
"xkodpfv7oo",2,"Summer 2020","BUS210",3,"add"
"xkodpfv7oo",2,"Summer 2020","BUS204",4,"add"
"xkodpfv7oo",2,"Summer 2020","BUS221",3,"add"
"xkodpfv7oo",2,"Summer 2020","BUS201",-3,"drop"
"cxbb2t1ifo",2,"Summer 2020","BUS201",4,"add"
"cxbb2t1ifo",2,"Summer 2020","BUS203",3,"add"
"cxbb2t1ifo",2,"Summer 2020","BUS220",3,"add"
"cxbb2t1ifo",2,"Summer 2020","BUS203",-3,"drop"
"wlv6m36o2k",2,"Summer 2020","BUS201",3,"add"
"wlv6m36o2k",2,"Summer 2020","BUS228",3,"add"
"wlv6m36o2k",2,"Summer 2020","BUS218",3,"add"
"wlv6m36o2k",2,"Summer 2020","BUS206",3,"add"
"wlv6m36o2k",2,"Summer 2020","BUS201",-3,"drop"
"kt25v5wmvn",2,"Summer 2020","BUS201",3,"add"
"kt25v5wmvn",2,"Summer 2020","BUS214",3,"add"
"kt25v5wmvn",2,"Summer 2020","BUS218",4,"add"
"kt25v5wmvn",2,"Summer 2020","BUS208",3,"add"
"svjhnd54nh",2,"Summer 2020","BUS201",4,"add"
"svjhnd54nh",2,"Summer 2020","BUS224",3,"add"
"svjhnd54nh",2,"Summer 2020","BUS212",3,"add"
"svjhnd54nh",2,"Summer 2020","BUS227",3,"add"
"svjhnd54nh",2,"Summer 2020","BUS224",-3,"drop"
"svjhnd54nh",2,"Summer 2020","BUS212",-3,"drop"
"svjhnd54nh",2,"Summer 2020","BUS227",-3,"drop"
"svjhnd54nh",2,"Summer 2020","BUS201",-4,"drop"
"64nmbmyyj5",2,"Summer 2020","BUS201",3,"add"
"64nmbmyyj5",2,"Summer 2020","BUS210",3,"add"
"64nmbmyyj5",2,"Summer 2020","BUS226",3,"add"
"64nmbmyyj5",2,"Summer 2020","BUS212",3,"add"
"64nmbmyyj5",2,"Summer 2020","BUS212",-3,"drop"
"ss95817xy5",2,"Summer 2020","BUS201",3,"add"
"ss95817xy5",2,"Summer 2020","BUS209",4,"add"
"ss95817xy5",2,"Summer 2020","BUS229",4,"add"
"ss95817xy5",2,"Summer 2020","BUS209",-4,"drop"
"gwuv3wz4oa",2,"Summer 2020","BUS201",4,"add"
"gwuv3wz4oa",2,"Summer 2020","BUS211",3,"add"
"gwuv3wz4oa",2,"Summer 2020","BUS230",3,"add"
"gwuv3wz4oa",2,"Summer 2020","BUS201",-4,"drop"
"gwuv3wz4oa",2,"Summer 2020","BUS211",-3,"drop"
"gwuv3wz4oa",2,"Summer 2020","BUS230",-3,"drop"
"7cux8zlx59",2,"Summer 2020","BUS201",3,"add"
"7cux8zlx59",2,"Summer 2020","BUS212",3,"add"
"7cux8zlx59",2,"Summer 2020","BUS212",-3,"drop"
"j6vr6i8z2w",2,"Summer 2020","BUS201",3,"add"
"j6vr6i8z2w",2,"Summer 2020","BUS219",3,"add"
"1g3p3baoxa",2,"Summer 2020","BUS201",3,"add"
"1g3p3baoxa",2,"Summer 2020","BUS228",3,"add"
"1g3p3baoxa",2,"Summer 2020","BUS225",3,"add"
"1g3p3baoxa",2,"Summer 2020","BUS201",-3,"drop"
"i2ojafqdwe",2,"Summer 2020","BUS201",3,"add"
"i2ojafqdwe",2,"Summer 2020","BUS222",3,"add"
"2i6jbuqasm",2,"Summer 2020","BUS201",3,"add"
"2i6jbuqasm",2,"Summer 2020","BUS206",3,"add"
"1ml6vzpoe5",2,"Summer 2020","BUS201",3,"add"
"1ml6vzpoe5",2,"Summer 2020","BUS217",3,"add"
"1ml6vzpoe5",2,"Summer 2020","BUS226",4,"add"
"1ml6vzpoe5",2,"Summer 2020","BUS218",4,"add"
"da7roi0087",2,"Summer 2020","BUS201",4,"add"
"da7roi0087",2,"Summer 2020","BUS209",3,"add"
"da7roi0087",2,"Summer 2020","BUS209",-3,"drop"
"cko5p10cad",2,"Summer 2020","BUS201",3,"add"
"cko5p10cad",2,"Summer 2020","BUS227",3,"add"
"cko5p10cad",2,"Summer 2020","BUS225",3,"add"
"cko5p10cad",2,"Summer 2020","BUS227",-3,"drop"
"cko5p10cad",2,"Summer 2020","BUS201",-3,"drop"
"cko5p10cad",2,"Summer 2020","BUS225",-3,"drop"
"za1mpurr9k",2,"Summer 2020","BUS201",3,"add"
"za1mpurr9k",2,"Summer 2020","BUS216",4,"add"
"za1mpurr9k",2,"Summer 2020","BUS224",4,"add"
"za1mpurr9k",2,"Summer 2020","BUS214",3,"add"
"o797do8w96",2,"Summer 2020","BUS201",4,"add"
"o797do8w96",2,"Summer 2020","BUS219",3,"add"
"o797do8w96",2,"Summer 2020","BUS211",3,"add"
"e8nidoz4iu",2,"Summer 2020","BUS201",3,"add"
"e8nidoz4iu",2,"Summer 2020","BUS207",3,"add"
"e8nidoz4iu",2,"Summer 2020","BUS201",-3,"drop"
"6rz92u4jt1",2,"Summer 2020","BUS201",3,"add"
"6rz92u4jt1",2,"Summer 2020","BUS213",3,"add"
"6rz92u4jt1",2,"Summer 2020","BUS226",3,"add"
"6rz92u4jt1",2,"Summer 2020","BUS211",3,"add"
"zy1fkt1bqu",2,"Summer 2020","BUS201",3,"add"
"zy1fkt1bqu",2,"Summer 2020","BUS227",3,"add"
"zy1fkt1bqu",2,"Summer 2020","BUS228",3,"add"
"zy1fkt1bqu",2,"Summer 2020","BUS223",4,"add"
"90pfwo28cq",2,"Summer 2020","BUS201",3,"add"
"90pfwo28cq",2,"Summer 2020","BUS216",3,"add"
"90pfwo28cq",2,"Summer 2020","BUS204",4,"add"
"pyrdhbf1qt",2,"Summer 2020","BUS201",4,"add"
"pyrdhbf1qt",2,"Summer 2020","BUS220",3,"add"
"an4ofqrea4",2,"Summer 2020","BUS201",3,"add"
"an4ofqrea4",2,"Summer 2020","BUS227",3,"add"
"an4ofqrea4",2,"Summer 2020","BUS210",3,"add"
"an4ofqrea4",2,"Summer 2020","BUS220",4,"add"
"amvgna5jgt",2,"Summer 2020","BUS201",3,"add"
"amvgna5jgt",2,"Summer 2020","BUS217",3,"add"
"amvgna5jgt",2,"Summer 2020","BUS201",-3,"drop"
"amvgna5jgt",2,"Summer 2020","BUS217",-3,"drop"
"tt8zl07ueq",2,"Summer 2020","BUS201",3,"add"
"tt8zl07ueq",2,"Summer 2020","BUS218",3,"add"
"kqreok29ix",2,"Summer 2020","BUS201",3,"add"
"kqreok29ix",2,"Summer 2020","BUS211",3,"add"
"kqreok29ix",2,"Summer 2020","BUS208",3,"add"
"kqreok29ix",2,"Summer 2020","BUS222",3,"add"
"gcbex56rp8",2,"Summer 2020","BUS201",3,"add"
"gcbex56rp8",2,"Summer 2020","BUS219",3,"add"
"gcbex56rp8",2,"Summer 2020","BUS201",-3,"drop"
"a5x0vgu032",2,"Summer 2020","BUS201",3,"add"
"a5x0vgu032",2,"Summer 2020","BUS219",4,"add"
"a5x0vgu032",2,"Summer 2020","BUS220",3,"add"
"a5x0vgu032",2,"Summer 2020","BUS220",-3,"drop"
"a5x0vgu032",2,"Summer 2020","BUS219",-4,"drop"
"a5x0vgu032",2,"Summer 2020","BUS201",-3,"drop"
"0ye99lvjbc",2,"Summer 2020","BUS201",3,"add"
"0ye99lvjbc",2,"Summer 2020","BUS209",3,"add"
"km3hiwcsq8",2,"Summer 2020","BUS201",3,"add"
"km3hiwcsq8",2,"Summer 2020","BUS216",3,"add"
"ygd65cf95r",2,"Summer 2020","BUS201",3,"add"
"ygd65cf95r",2,"Summer 2020","BUS226",3,"add"
"zk7mufdhao",2,"Summer 2020","BUS201",3,"add"
"zk7mufdhao",2,"Summer 2020","BUS215",3,"add"
"zk7mufdhao",2,"Summer 2020","BUS215",-3,"drop"
"m1ig05kokr",2,"Summer 2020","BUS201",3,"add"
"m1ig05kokr",2,"Summer 2020","BUS229",3,"add"
"lj4twiutiq",2,"Summer 2020","BUS201",3,"add"
"lj4twiutiq",2,"Summer 2020","BUS224",4,"add"
"lj4twiutiq",2,"Summer 2020","BUS206",3,"add"
"lj4twiutiq",2,"Summer 2020","BUS222",4,"add"
"qvel2cmjks",2,"Summer 2020","BUS201",3,"add"
"qvel2cmjks",2,"Summer 2020","BUS225",3,"add"
"qvel2cmjks",2,"Summer 2020","BUS226",3,"add"
"qvel2cmjks",2,"Summer 2020","BUS227",4,"add"
"ya2fiwdzep",2,"Summer 2020","BUS201",3,"add"
"ya2fiwdzep",2,"Summer 2020","BUS230",3,"add"
"ya2fiwdzep",2,"Summer 2020","BUS220",3,"add"
"ya2fiwdzep",2,"Summer 2020","BUS230",-3,"drop"
"jfqkr4t43w",2,"Summer 2020","BUS201",3,"add"
"jfqkr4t43w",2,"Summer 2020","BUS202",4,"add"
"jfqkr4t43w",2,"Summer 2020","BUS230",3,"add"
"v2pdcsktx4",2,"Summer 2020","BUS201",3,"add"
"v2pdcsktx4",2,"Summer 2020","BUS221",3,"add"
"v2pdcsktx4",2,"Summer 2020","BUS225",3,"add"
"v2pdcsktx4",2,"Summer 2020","BUS207",3,"add"
"p7yko1z0ly",2,"Summer 2020","BUS201",3,"add"
"p7yko1z0ly",2,"Summer 2020","BUS212",3,"add"
"s979tyzf1c",2,"Summer 2020","BUS201",3,"add"
"s979tyzf1c",2,"Summer 2020","BUS222",3,"add"
"s979tyzf1c",2,"Summer 2020","BUS222",-3,"drop"
"s979tyzf1c",2,"Summer 2020","BUS201",-3,"drop"
"i6pdzhqgou",2,"Summer 2020","BUS201",3,"add"
"i6pdzhqgou",2,"Summer 2020","BUS224",4,"add"
"i6pdzhqgou",2,"Summer 2020","BUS228",4,"add"
"i6pdzhqgou",2,"Summer 2020","BUS220",3,"add"
"i6pdzhqgou",2,"Summer 2020","BUS224",-4,"drop"
"i6pdzhqgou",2,"Summer 2020","BUS228",-4,"drop"
"i6pdzhqgou",2,"Summer 2020","BUS220",-3,"drop"
"i6pdzhqgou",2,"Summer 2020","BUS201",-3,"drop"
"x7vfzimwxv",2,"Summer 2020","BUS201",3,"add"
"x7vfzimwxv",2,"Summer 2020","BUS209",3,"add"
"x7vfzimwxv",2,"Summer 2020","BUS204",4,"add"
"x7vfzimwxv",2,"Summer 2020","BUS223",3,"add"
"5bexd8ma9n",2,"Summer 2020","BUS201",3,"add"
"5bexd8ma9n",2,"Summer 2020","BUS211",3,"add"
"5bexd8ma9n",2,"Summer 2020","BUS215",3,"add"
"5bexd8ma9n",2,"Summer 2020","BUS201",-3,"drop"
"5bexd8ma9n",2,"Summer 2020","BUS211",-3,"drop"
"5bexd8ma9n",2,"Summer 2020","BUS215",-3,"drop"
"iwbbbzhzz1",2,"Summer 2020","BUS201",3,"add"
"iwbbbzhzz1",2,"Summer 2020","BUS230",3,"add"
"iwbbbzhzz1",2,"Summer 2020","BUS215",3,"add"
"iwbbbzhzz1",2,"Summer 2020","BUS224",3,"add"
"iwbbbzhzz1",2,"Summer 2020","BUS201",-3,"drop"
"iwbbbzhzz1",2,"Summer 2020","BUS230",-3,"drop"
"iwbbbzhzz1",2,"Summer 2020","BUS224",-3,"drop"
"iwbbbzhzz1",2,"Summer 2020","BUS215",-3,"drop"
"e13ibsacpy",2,"Summer 2020","BUS201",3,"add"
"e13ibsacpy",2,"Summer 2020","BUS218",3,"add"
"e13ibsacpy",2,"Summer 2020","BUS224",3,"add"
"e13ibsacpy",2,"Summer 2020","BUS213",3,"add"
"y370rkm02x",2,"Summer 2020","BUS201",3,"add"
"y370rkm02x",2,"Summer 2020","BUS229",3,"add"
"y370rkm02x",2,"Summer 2020","BUS203",3,"add"
"y370rkm02x",2,"Summer 2020","BUS216",3,"add"
"bb4qg6hjug",2,"Summer 2020","BUS201",3,"add"
"bb4qg6hjug",2,"Summer 2020","BUS207",3,"add"
"bb4qg6hjug",2,"Summer 2020","BUS218",3,"add"
"7hki2cio6g",2,"Summer 2020","BUS201",3,"add"
"7hki2cio6g",2,"Summer 2020","BUS210",4,"add"
"v2nsp75krj",2,"Summer 2020","BUS201",3,"add"
"v2nsp75krj",2,"Summer 2020","BUS219",4,"add"
"v2nsp75krj",2,"Summer 2020","BUS225",3,"add"
"z97z3434uo",2,"Summer 2020","BUS201",4,"add"
"z97z3434uo",2,"Summer 2020","BUS220",3,"add"
"z97z3434uo",2,"Summer 2020","BUS210",3,"add"
"z97z3434uo",2,"Summer 2020","BUS204",3,"add"
"z97z3434uo",2,"Summer 2020","BUS201",-4,"drop"
"mzpk8q0i6g",2,"Summer 2020","BUS201",3,"add"
"mzpk8q0i6g",2,"Summer 2020","BUS202",3,"add"
"mzpk8q0i6g",2,"Summer 2020","BUS215",3,"add"
"c6phpe8lns",2,"Summer 2020","BUS201",3,"add"
"c6phpe8lns",2,"Summer 2020","BUS211",3,"add"
"c6phpe8lns",2,"Summer 2020","BUS219",4,"add"
"24x7ll8qdh",2,"Summer 2020","BUS201",4,"add"
"24x7ll8qdh",2,"Summer 2020","BUS226",3,"add"
"24x7ll8qdh",2,"Summer 2020","BUS208",3,"add"
"24x7ll8qdh",2,"Summer 2020","BUS225",4,"add"
"m3ap6dhsw9",2,"Summer 2020","BUS201",4,"add"
"m3ap6dhsw9",2,"Summer 2020","BUS212",3,"add"
"m3ap6dhsw9",2,"Summer 2020","BUS201",-4,"drop"
"m3ap6dhsw9",2,"Summer 2020","BUS212",-3,"drop"
"fayt9ghe72",2,"Summer 2020","BUS201",3,"add"
"fayt9ghe72",2,"Summer 2020","BUS204",3,"add"
"f3xykiktl5",2,"Summer 2020","BUS201",3,"add"
"f3xykiktl5",2,"Summer 2020","BUS219",3,"add"
"f3xykiktl5",2,"Summer 2020","BUS204",3,"add"
"f3xykiktl5",2,"Summer 2020","BUS230",3,"add"
"f3xykiktl5",2,"Summer 2020","BUS230",-3,"drop"
"01g7m0qv7i",2,"Summer 2020","BUS201",4,"add"
"01g7m0qv7i",2,"Summer 2020","BUS211",3,"add"
"01g7m0qv7i",2,"Summer 2020","BUS219",3,"add"
"01g7m0qv7i",2,"Summer 2020","BUS226",3,"add"
"f35jxrozwi",2,"Summer 2020","BUS201",3,"add"
"f35jxrozwi",2,"Summer 2020","BUS222",3,"add"
"n7jujqqrqy",2,"Summer 2020","BUS201",3,"add"
"n7jujqqrqy",2,"Summer 2020","BUS205",3,"add"
"mofte1lo60",2,"Summer 2020","BUS201",3,"add"
"mofte1lo60",2,"Summer 2020","BUS221",3,"add"
"mofte1lo60",2,"Summer 2020","BUS225",3,"add"
"mofte1lo60",2,"Summer 2020","BUS222",3,"add"
"5ewfdpfs1r",2,"Summer 2020","BUS201",3,"add"
"5ewfdpfs1r",2,"Summer 2020","BUS221",3,"add"
"5ewfdpfs1r",2,"Summer 2020","BUS226",3,"add"
"clsppmi2as",2,"Summer 2020","BUS201",3,"add"
"clsppmi2as",2,"Summer 2020","BUS206",3,"add"
"hvu69ihl3a",2,"Summer 2020","BUS201",3,"add"
"hvu69ihl3a",2,"Summer 2020","BUS213",4,"add"
"hvu69ihl3a",2,"Summer 2020","BUS214",3,"add"
"hvu69ihl3a",2,"Summer 2020","BUS204",4,"add"
"r2hw4wzx38",2,"Summer 2020","BUS201",4,"add"
"r2hw4wzx38",2,"Summer 2020","BUS225",3,"add"
"r2hw4wzx38",2,"Summer 2020","BUS210",3,"add"
"r2hw4wzx38",2,"Summer 2020","BUS210",-3,"drop"
"r2hw4wzx38",2,"Summer 2020","BUS201",-4,"drop"
"r2hw4wzx38",2,"Summer 2020","BUS225",-3,"drop"
"i8i9x466oi",2,"Summer 2020","BUS201",3,"add"
"i8i9x466oi",2,"Summer 2020","BUS203",3,"add"
"i8i9x466oi",2,"Summer 2020","BUS206",3,"add"
"i8i9x466oi",2,"Summer 2020","BUS228",3,"add"
"i8i9x466oi",2,"Summer 2020","BUS201",-3,"drop"
"i8i9x466oi",2,"Summer 2020","BUS206",-3,"drop"
"i8i9x466oi",2,"Summer 2020","BUS203",-3,"drop"
"i8i9x466oi",2,"Summer 2020","BUS228",-3,"drop"
"50e3o6z91p",2,"Summer 2020","BUS201",3,"add"
"50e3o6z91p",2,"Summer 2020","BUS221",3,"add"
"50e3o6z91p",2,"Summer 2020","BUS207",3,"add"
"50e3o6z91p",2,"Summer 2020","BUS219",3,"add"
"50e3o6z91p",2,"Summer 2020","BUS221",-3,"drop"
"0q18hyz2nz",2,"Summer 2020","BUS201",4,"add"
"0q18hyz2nz",2,"Summer 2020","BUS216",4,"add"
"0q18hyz2nz",2,"Summer 2020","BUS222",3,"add"
"0q18hyz2nz",2,"Summer 2020","BUS207",4,"add"
"97d9iddh7p",2,"Summer 2020","BUS201",3,"add"
"97d9iddh7p",2,"Summer 2020","BUS203",3,"add"
"97d9iddh7p",2,"Summer 2020","BUS227",3,"add"
"97d9iddh7p",2,"Summer 2020","BUS210",3,"add"
"naez4vm9um",2,"Summer 2020","BUS201",4,"add"
"naez4vm9um",2,"Summer 2020","BUS217",4,"add"
"naez4vm9um",2,"Summer 2020","BUS210",4,"add"
"xaoo1iijyj",2,"Summer 2020","BUS201",3,"add"
"xaoo1iijyj",2,"Summer 2020","BUS223",3,"add"
"xaoo1iijyj",2,"Summer 2020","BUS229",3,"add"
"g145c8c724",2,"Summer 2020","BUS201",3,"add"
"g145c8c724",2,"Summer 2020","BUS216",4,"add"
"g145c8c724",2,"Summer 2020","BUS228",3,"add"
"g145c8c724",2,"Summer 2020","BUS208",3,"add"
"19a1oztpfb",2,"Summer 2020","BUS201",3,"add"
"19a1oztpfb",2,"Summer 2020","BUS203",3,"add"
"6rtj1ll3xw",2,"Summer 2020","BUS201",3,"add"
"6rtj1ll3xw",2,"Summer 2020","BUS204",3,"add"
"6rtj1ll3xw",2,"Summer 2020","BUS226",4,"add"
"6rtj1ll3xw",2,"Summer 2020","BUS220",3,"add"
"83rps749k1",2,"Summer 2020","BUS201",4,"add"
"83rps749k1",2,"Summer 2020","BUS215",3,"add"
"83rps749k1",2,"Summer 2020","BUS219",3,"add"
"satywryezz",2,"Summer 2020","BUS201",3,"add"
"satywryezz",2,"Summer 2020","BUS227",3,"add"
"satywryezz",2,"Summer 2020","BUS224",3,"add"
"f7f5rhx153",2,"Summer 2020","BUS201",3,"add"
"f7f5rhx153",2,"Summer 2020","BUS229",3,"add"
"f7f5rhx153",2,"Summer 2020","BUS228",3,"add"
"f7f5rhx153",2,"Summer 2020","BUS218",3,"add"
"m7h7pp2muw",2,"Summer 2020","BUS201",4,"add"
"m7h7pp2muw",2,"Summer 2020","BUS214",3,"add"
"m7h7pp2muw",2,"Summer 2020","BUS214",-3,"drop"
"ezulqlqcv8",2,"Summer 2020","BUS201",3,"add"
"ezulqlqcv8",2,"Summer 2020","BUS207",3,"add"
"ezulqlqcv8",2,"Summer 2020","BUS210",4,"add"
"ezulqlqcv8",2,"Summer 2020","BUS207",-3,"drop"
"ezulqlqcv8",2,"Summer 2020","BUS210",-4,"drop"
"ezulqlqcv8",2,"Summer 2020","BUS201",-3,"drop"
"podb3dab68",2,"Summer 2020","BUS201",3,"add"
"podb3dab68",2,"Summer 2020","BUS206",3,"add"
"f8eweanx5x",2,"Summer 2020","BUS201",3,"add"
"f8eweanx5x",2,"Summer 2020","BUS228",3,"add"
"f8eweanx5x",2,"Summer 2020","BUS205",3,"add"
"96zlhhashu",2,"Summer 2020","BUS201",3,"add"
"96zlhhashu",2,"Summer 2020","BUS204",3,"add"
"tc9wwbwm00",2,"Summer 2020","BUS201",3,"add"
"tc9wwbwm00",2,"Summer 2020","BUS217",3,"add"
"tc9wwbwm00",2,"Summer 2020","BUS226",3,"add"
"tc9wwbwm00",2,"Summer 2020","BUS211",3,"add"
"tc9wwbwm00",2,"Summer 2020","BUS211",-3,"drop"
"5jdzp275qz",2,"Summer 2020","BUS201",3,"add"
"5jdzp275qz",2,"Summer 2020","BUS230",3,"add"
"5jdzp275qz",2,"Summer 2020","BUS218",3,"add"
"5jdzp275qz",2,"Summer 2020","BUS230",-3,"drop"
"69tz41o1rt",2,"Summer 2020","BUS201",3,"add"
"69tz41o1rt",2,"Summer 2020","BUS220",3,"add"
"69tz41o1rt",2,"Summer 2020","BUS212",3,"add"
"69tz41o1rt",2,"Summer 2020","BUS209",3,"add"
"69tz41o1rt",2,"Summer 2020","BUS220",-3,"drop"
"ghqlgbfwuk",2,"Summer 2020","BUS201",3,"add"
"ghqlgbfwuk",2,"Summer 2020","BUS209",3,"add"
"jsur0fjz5r",2,"Summer 2020","BUS201",3,"add"
"jsur0fjz5r",2,"Summer 2020","BUS215",3,"add"
"jsur0fjz5r",2,"Summer 2020","BUS202",3,"add"
"jsur0fjz5r",2,"Summer 2020","BUS204",3,"add"
"t4iput1jpn",2,"Summer 2020","BUS201",4,"add"
"t4iput1jpn",2,"Summer 2020","BUS227",4,"add"
"t4iput1jpn",2,"Summer 2020","BUS209",3,"add"
"lmp1zr83tc",2,"Summer 2020","BUS201",3,"add"
"lmp1zr83tc",2,"Summer 2020","BUS226",3,"add"
"lmp1zr83tc",2,"Summer 2020","BUS213",3,"add"
"geb2o350a7",2,"Summer 2020","BUS201",3,"add"
"geb2o350a7",2,"Summer 2020","BUS203",4,"add"
"geb2o350a7",2,"Summer 2020","BUS211",3,"add"
"fcwsd0omzz",2,"Summer 2020","BUS201",4,"add"
"fcwsd0omzz",2,"Summer 2020","BUS217",3,"add"
"fcwsd0omzz",2,"Summer 2020","BUS223",3,"add"
"fcwsd0omzz",2,"Summer 2020","BUS210",3,"add"
"mkils1vymh",2,"Summer 2020","BUS201",4,"add"
"mkils1vymh",2,"Summer 2020","BUS205",3,"add"
"mkils1vymh",2,"Summer 2020","BUS222",4,"add"
"mkils1vymh",2,"Summer 2020","BUS219",3,"add"
"4k2ifnw1aq",2,"Summer 2020","BUS201",4,"add"
"4k2ifnw1aq",2,"Summer 2020","BUS206",3,"add"
"4k2ifnw1aq",2,"Summer 2020","BUS228",3,"add"
"4k2ifnw1aq",2,"Summer 2020","BUS204",3,"add"
"7hqs61zw5w",2,"Summer 2020","BUS201",4,"add"
"7hqs61zw5w",2,"Summer 2020","BUS223",3,"add"
"7hqs61zw5w",2,"Summer 2020","BUS220",3,"add"
"7hqs61zw5w",2,"Summer 2020","BUS228",4,"add"
"7hqs61zw5w",2,"Summer 2020","BUS201",-4,"drop"
"9ya8r1a2vk",2,"Summer 2020","BUS201",3,"add"
"9ya8r1a2vk",2,"Summer 2020","BUS221",3,"add"
"5m9aqaeiwz",2,"Summer 2020","BUS201",4,"add"
"5m9aqaeiwz",2,"Summer 2020","BUS206",3,"add"
"5m9aqaeiwz",2,"Summer 2020","BUS202",3,"add"
"5m9aqaeiwz",2,"Summer 2020","BUS211",3,"add"
"5m9aqaeiwz",2,"Summer 2020","BUS206",-3,"drop"
"5m9aqaeiwz",2,"Summer 2020","BUS201",-4,"drop"
"5m9aqaeiwz",2,"Summer 2020","BUS211",-3,"drop"
"5m9aqaeiwz",2,"Summer 2020","BUS202",-3,"drop"
"g1ocbh4bis",2,"Summer 2020","BUS201",3,"add"
"g1ocbh4bis",2,"Summer 2020","BUS212",3,"add"
"g1ocbh4bis",2,"Summer 2020","BUS213",4,"add"
"luuf2v01ua",2,"Summer 2020","BUS201",3,"add"
"luuf2v01ua",2,"Summer 2020","BUS225",3,"add"
"luuf2v01ua",2,"Summer 2020","BUS210",3,"add"
"luuf2v01ua",2,"Summer 2020","BUS228",3,"add"
"luuf2v01ua",2,"Summer 2020","BUS225",-3,"drop"
"zp2kfw8tdq",2,"Summer 2020","BUS201",4,"add"
"zp2kfw8tdq",2,"Summer 2020","BUS203",3,"add"
"zp2kfw8tdq",2,"Summer 2020","BUS214",3,"add"
"zp2kfw8tdq",2,"Summer 2020","BUS210",3,"add"
"zp2kfw8tdq",2,"Summer 2020","BUS214",-3,"drop"
"6knutj5pda",2,"Summer 2020","BUS201",3,"add"
"6knutj5pda",2,"Summer 2020","BUS222",3,"add"
"6knutj5pda",2,"Summer 2020","BUS217",3,"add"
"6knutj5pda",2,"Summer 2020","BUS222",-3,"drop"
"6knutj5pda",2,"Summer 2020","BUS217",-3,"drop"
"6knutj5pda",2,"Summer 2020","BUS201",-3,"drop"
"4x1q63biiz",2,"Summer 2020","BUS201",4,"add"
"4x1q63biiz",2,"Summer 2020","BUS220",3,"add"
"scrs4bdvzt",2,"Summer 2020","BUS201",3,"add"
"scrs4bdvzt",2,"Summer 2020","BUS204",3,"add"
"scrs4bdvzt",2,"Summer 2020","BUS215",3,"add"
"scrs4bdvzt",2,"Summer 2020","BUS215",-3,"drop"
"tcy8mmb5rq",2,"Summer 2020","BUS201",4,"add"
"tcy8mmb5rq",2,"Summer 2020","BUS212",3,"add"
"tcy8mmb5rq",2,"Summer 2020","BUS212",-3,"drop"
"tcy8mmb5rq",2,"Summer 2020","BUS201",-4,"drop"
"nawb9ixznn",2,"Summer 2020","BUS201",3,"add"
"nawb9ixznn",2,"Summer 2020","BUS208",3,"add"
"nawb9ixznn",2,"Summer 2020","BUS205",4,"add"
"nawb9ixznn",2,"Summer 2020","BUS201",-3,"drop"
"sq9pvdw6p4",2,"Summer 2020","BUS201",3,"add"
"sq9pvdw6p4",2,"Summer 2020","BUS210",4,"add"
"sq9pvdw6p4",2,"Summer 2020","BUS226",4,"add"
"sq9pvdw6p4",2,"Summer 2020","BUS216",4,"add"
"ljttrf7xs1",2,"Summer 2020","BUS201",3,"add"
"ljttrf7xs1",2,"Summer 2020","BUS218",3,"add"
"ljttrf7xs1",2,"Summer 2020","BUS213",3,"add"
"ljttrf7xs1",2,"Summer 2020","BUS202",3,"add"
"ljttrf7xs1",2,"Summer 2020","BUS202",-3,"drop"
"ljttrf7xs1",2,"Summer 2020","BUS218",-3,"drop"
"ljttrf7xs1",2,"Summer 2020","BUS213",-3,"drop"
"ljttrf7xs1",2,"Summer 2020","BUS201",-3,"drop"
"a0y07zgmwv",2,"Summer 2020","BUS201",3,"add"
"a0y07zgmwv",2,"Summer 2020","BUS214",3,"add"
"a0y07zgmwv",2,"Summer 2020","BUS212",3,"add"
"a0y07zgmwv",2,"Summer 2020","BUS214",-3,"drop"
"62n2zp7coq",2,"Summer 2020","BUS201",3,"add"
"62n2zp7coq",2,"Summer 2020","BUS204",3,"add"
"62n2zp7coq",2,"Summer 2020","BUS204",-3,"drop"
"28fllu3nt5",2,"Summer 2020","BUS201",3,"add"
"28fllu3nt5",2,"Summer 2020","BUS214",3,"add"
"28fllu3nt5",2,"Summer 2020","BUS201",-3,"drop"
"ebvswc3sy5",2,"Summer 2020","BUS201",3,"add"
"ebvswc3sy5",2,"Summer 2020","BUS223",4,"add"
"ebvswc3sy5",2,"Summer 2020","BUS214",3,"add"
"ebvswc3sy5",2,"Summer 2020","BUS223",-4,"drop"
"ebvswc3sy5",2,"Summer 2020","BUS201",-3,"drop"
"ebvswc3sy5",2,"Summer 2020","BUS214",-3,"drop"
"aol56wjctx",2,"Summer 2020","BUS201",3,"add"
"aol56wjctx",2,"Summer 2020","BUS229",3,"add"
"aol56wjctx",2,"Summer 2020","BUS205",4,"add"
"dnlenxqka2",2,"Summer 2020","BUS201",3,"add"
"dnlenxqka2",2,"Summer 2020","BUS202",3,"add"
"qts0en099s",2,"Summer 2020","BUS201",3,"add"
"qts0en099s",2,"Summer 2020","BUS214",3,"add"
"jmsdnzu0x9",2,"Summer 2020","BUS201",3,"add"
"jmsdnzu0x9",2,"Summer 2020","BUS229",3,"add"
"jmsdnzu0x9",2,"Summer 2020","BUS228",4,"add"
"jmsdnzu0x9",2,"Summer 2020","BUS229",-3,"drop"
"jmsdnzu0x9",2,"Summer 2020","BUS201",-3,"drop"
"jmsdnzu0x9",2,"Summer 2020","BUS228",-4,"drop"
"ccxigj5i68",2,"Summer 2020","BUS201",3,"add"
"ccxigj5i68",2,"Summer 2020","BUS228",3,"add"
"ccxigj5i68",2,"Summer 2020","BUS221",3,"add"
"vu3tehirwk",2,"Summer 2020","BUS201",3,"add"
"vu3tehirwk",2,"Summer 2020","BUS225",3,"add"
"vu3tehirwk",2,"Summer 2020","BUS224",3,"add"
"i33wqnqlz1",2,"Summer 2020","BUS201",3,"add"
"i33wqnqlz1",2,"Summer 2020","BUS210",3,"add"
"i33wqnqlz1",2,"Summer 2020","BUS203",3,"add"
"1ef70qob73",2,"Summer 2020","BUS201",4,"add"
"1ef70qob73",2,"Summer 2020","BUS227",4,"add"
"1ef70qob73",2,"Summer 2020","BUS205",4,"add"
"1ef70qob73",2,"Summer 2020","BUS216",3,"add"
"utcslulb0s",2,"Summer 2020","BUS201",4,"add"
"utcslulb0s",2,"Summer 2020","BUS229",3,"add"
"utcslulb0s",2,"Summer 2020","BUS223",3,"add"
"utcslulb0s",2,"Summer 2020","BUS201",-4,"drop"
"me3dcf93pl",2,"Summer 2020","BUS201",3,"add"
"me3dcf93pl",2,"Summer 2020","BUS217",3,"add"
"me3dcf93pl",2,"Summer 2020","BUS217",-3,"drop"
"6iy4htbn74",2,"Summer 2020","BUS201",3,"add"
"6iy4htbn74",2,"Summer 2020","BUS211",3,"add"
"6iy4htbn74",2,"Summer 2020","BUS222",3,"add"
"6iy4htbn74",2,"Summer 2020","BUS227",4,"add"
"6iy4htbn74",2,"Summer 2020","BUS227",-4,"drop"
"kfsc9c5udz",2,"Summer 2020","BUS201",3,"add"
"kfsc9c5udz",2,"Summer 2020","BUS206",4,"add"
"kfsc9c5udz",2,"Summer 2020","BUS223",3,"add"
"63hc9wysjk",2,"Summer 2020","BUS201",3,"add"
"63hc9wysjk",2,"Summer 2020","BUS214",4,"add"
"63hc9wysjk",2,"Summer 2020","BUS205",3,"add"
"eub6poefgl",2,"Summer 2020","BUS201",3,"add"
"eub6poefgl",2,"Summer 2020","BUS224",3,"add"
"eub6poefgl",2,"Summer 2020","BUS209",4,"add"
"eub6poefgl",2,"Summer 2020","BUS214",4,"add"
"eub6poefgl",2,"Summer 2020","BUS209",-4,"drop"
"fb1l9ns8pk",2,"Summer 2020","BUS201",3,"add"
"fb1l9ns8pk",2,"Summer 2020","BUS229",4,"add"
"fb1l9ns8pk",2,"Summer 2020","BUS201",-3,"drop"
"fb1l9ns8pk",2,"Summer 2020","BUS229",-4,"drop"
"2vcuv2d6hz",2,"Summer 2020","BUS201",3,"add"
"2vcuv2d6hz",2,"Summer 2020","BUS209",3,"add"
"2vcuv2d6hz",2,"Summer 2020","BUS224",4,"add"
"qjuewwebbm",2,"Summer 2020","BUS201",3,"add"
"qjuewwebbm",2,"Summer 2020","BUS202",3,"add"
"qjuewwebbm",2,"Summer 2020","BUS228",3,"add"
"qjuewwebbm",2,"Summer 2020","BUS225",4,"add"
"pwi3e8bttn",2,"Summer 2020","BUS201",3,"add"
"pwi3e8bttn",2,"Summer 2020","BUS212",4,"add"
"polz946eve",2,"Summer 2020","BUS201",3,"add"
"polz946eve",2,"Summer 2020","BUS207",3,"add"
"polz946eve",2,"Summer 2020","BUS221",3,"add"
"polz946eve",2,"Summer 2020","BUS202",3,"add"
"pn5qx4n33v",2,"Summer 2020","BUS201",4,"add"
"pn5qx4n33v",2,"Summer 2020","BUS213",3,"add"
"pn5qx4n33v",2,"Summer 2020","BUS213",-3,"drop"
"pn5qx4n33v",2,"Summer 2020","BUS201",-4,"drop"
"suurj5jcfu",2,"Summer 2020","BUS201",3,"add"
"suurj5jcfu",2,"Summer 2020","BUS208",3,"add"
"suurj5jcfu",2,"Summer 2020","BUS201",-3,"drop"
"b57abi0mb2",2,"Summer 2020","BUS201",3,"add"
"b57abi0mb2",2,"Summer 2020","BUS226",3,"add"
"b57abi0mb2",2,"Summer 2020","BUS208",3,"add"
"b57abi0mb2",2,"Summer 2020","BUS225",3,"add"
"f25h604a7p",2,"Summer 2020","BUS201",3,"add"
"f25h604a7p",2,"Summer 2020","BUS220",3,"add"
"f25h604a7p",2,"Summer 2020","BUS230",3,"add"
"f25h604a7p",2,"Summer 2020","BUS220",-3,"drop"
"esd4ksxjhn",2,"Summer 2020","BUS201",3,"add"
"esd4ksxjhn",2,"Summer 2020","BUS208",4,"add"
"esd4ksxjhn",2,"Summer 2020","BUS220",3,"add"
"wf6ua8e1wn",2,"Summer 2020","BUS201",3,"add"
"wf6ua8e1wn",2,"Summer 2020","BUS212",3,"add"
"wf6ua8e1wn",2,"Summer 2020","BUS213",3,"add"
"ocqr6onjgh",2,"Summer 2020","BUS201",3,"add"
"ocqr6onjgh",2,"Summer 2020","BUS218",4,"add"
"ocqr6onjgh",2,"Summer 2020","BUS209",3,"add"
"ocqr6onjgh",2,"Summer 2020","BUS218",-4,"drop"
"8rbwr9q4tg",2,"Summer 2020","BUS201",4,"add"
"8rbwr9q4tg",2,"Summer 2020","BUS205",4,"add"
"9zqqcogblg",2,"Summer 2020","BUS201",3,"add"
"9zqqcogblg",2,"Summer 2020","BUS205",3,"add"
"n29bd3xp5t",2,"Summer 2020","BUS201",4,"add"
"n29bd3xp5t",2,"Summer 2020","BUS218",4,"add"
"n29bd3xp5t",2,"Summer 2020","BUS222",3,"add"
"n29bd3xp5t",2,"Summer 2020","BUS208",3,"add"
"n29bd3xp5t",2,"Summer 2020","BUS218",-4,"drop"
"n29bd3xp5t",2,"Summer 2020","BUS222",-3,"drop"
"n29bd3xp5t",2,"Summer 2020","BUS201",-4,"drop"
"n29bd3xp5t",2,"Summer 2020","BUS208",-3,"drop"
"3zbhh2thed",2,"Summer 2020","BUS201",3,"add"
"3zbhh2thed",2,"Summer 2020","BUS211",3,"add"
"3zbhh2thed",2,"Summer 2020","BUS203",3,"add"
"3zbhh2thed",2,"Summer 2020","BUS201",-3,"drop"
"9siitclnul",2,"Summer 2020","BUS201",3,"add"
"9siitclnul",2,"Summer 2020","BUS205",3,"add"
"9siitclnul",2,"Summer 2020","BUS227",4,"add"
"9siitclnul",2,"Summer 2020","BUS225",3,"add"
"4inan2e3vz",2,"Summer 2020","BUS201",4,"add"
"4inan2e3vz",2,"Summer 2020","BUS226",3,"add"
"4inan2e3vz",2,"Summer 2020","BUS218",3,"add"
"bco2a9nng1",2,"Summer 2020","BUS201",3,"add"
"bco2a9nng1",2,"Summer 2020","BUS216",3,"add"
"bco2a9nng1",2,"Summer 2020","BUS204",3,"add"
"bco2a9nng1",2,"Summer 2020","BUS223",3,"add"
"8xkk8dyojs",2,"Summer 2020","BUS201",3,"add"
"8xkk8dyojs",2,"Summer 2020","BUS210",3,"add"
"8xkk8dyojs",2,"Summer 2020","BUS203",3,"add"
"sjce46vpzo",2,"Summer 2020","BUS201",3,"add"
"sjce46vpzo",2,"Summer 2020","BUS212",4,"add"
"sjce46vpzo",2,"Summer 2020","BUS209",3,"add"
"sjce46vpzo",2,"Summer 2020","BUS219",3,"add"
"f6m4766bkz",2,"Summer 2020","BUS201",3,"add"
"f6m4766bkz",2,"Summer 2020","BUS211",3,"add"
"f6m4766bkz",2,"Summer 2020","BUS208",3,"add"
"f6m4766bkz",2,"Summer 2020","BUS207",4,"add"
"f6m4766bkz",2,"Summer 2020","BUS208",-3,"drop"
"f6m4766bkz",2,"Summer 2020","BUS211",-3,"drop"
"f6m4766bkz",2,"Summer 2020","BUS207",-4,"drop"
"f6m4766bkz",2,"Summer 2020","BUS201",-3,"drop"
"yz0loj3j8f",2,"Summer 2020","BUS201",3,"add"
"yz0loj3j8f",2,"Summer 2020","BUS230",4,"add"
"yz0loj3j8f",2,"Summer 2020","BUS228",4,"add"
"yz0loj3j8f",2,"Summer 2020","BUS210",3,"add"
"yz0loj3j8f",2,"Summer 2020","BUS230",-4,"drop"
"yz0loj3j8f",2,"Summer 2020","BUS210",-3,"drop"
"yz0loj3j8f",2,"Summer 2020","BUS201",-3,"drop"
"yz0loj3j8f",2,"Summer 2020","BUS228",-4,"drop"
"mljtqopj2l",2,"Summer 2020","BUS201",3,"add"
"mljtqopj2l",2,"Summer 2020","BUS202",3,"add"
"mljtqopj2l",2,"Summer 2020","BUS229",3,"add"
"mljtqopj2l",2,"Summer 2020","BUS213",4,"add"
"6i1ikjj1ko",2,"Summer 2020","BUS201",4,"add"
"6i1ikjj1ko",2,"Summer 2020","BUS213",3,"add"
"6i1ikjj1ko",2,"Summer 2020","BUS228",3,"add"
"6i1ikjj1ko",2,"Summer 2020","BUS218",3,"add"
"o2hhui3ga6",2,"Summer 2020","BUS201",4,"add"
"o2hhui3ga6",2,"Summer 2020","BUS230",3,"add"
"o2hhui3ga6",2,"Summer 2020","BUS222",3,"add"
"o5kblq8knc",2,"Summer 2020","BUS201",3,"add"
"o5kblq8knc",2,"Summer 2020","BUS213",3,"add"
"o5kblq8knc",2,"Summer 2020","BUS209",3,"add"
"qhadbn0xbk",2,"Summer 2020","BUS201",3,"add"
"qhadbn0xbk",2,"Summer 2020","BUS215",3,"add"
"n8nxuf5j7u",2,"Summer 2020","BUS201",3,"add"
"n8nxuf5j7u",2,"Summer 2020","BUS220",3,"add"
"n8nxuf5j7u",2,"Summer 2020","BUS228",3,"add"
"n8nxuf5j7u",2,"Summer 2020","BUS211",3,"add"
"f3gv8kjeny",2,"Summer 2020","BUS201",3,"add"
"f3gv8kjeny",2,"Summer 2020","BUS202",4,"add"
"f3gv8kjeny",2,"Summer 2020","BUS216",3,"add"
"f3gv8kjeny",2,"Summer 2020","BUS216",-3,"drop"
"7skx3v70z4",2,"Summer 2020","BUS201",3,"add"
"7skx3v70z4",2,"Summer 2020","BUS213",3,"add"
"f6stf7q3o6",2,"Summer 2020","BUS201",3,"add"
"f6stf7q3o6",2,"Summer 2020","BUS203",3,"add"
"f6stf7q3o6",2,"Summer 2020","BUS229",3,"add"
"pp0nbqi1oc",2,"Summer 2020","BUS201",3,"add"
"pp0nbqi1oc",2,"Summer 2020","BUS208",3,"add"
"pp0nbqi1oc",2,"Summer 2020","BUS218",3,"add"
"pp0nbqi1oc",2,"Summer 2020","BUS201",-3,"drop"
"470du0sfsg",2,"Summer 2020","BUS201",3,"add"
"470du0sfsg",2,"Summer 2020","BUS202",3,"add"
"470du0sfsg",2,"Summer 2020","BUS212",3,"add"
"470du0sfsg",2,"Summer 2020","BUS212",-3,"drop"
"2aqtaq6bcy",2,"Summer 2020","BUS201",3,"add"
"2aqtaq6bcy",2,"Summer 2020","BUS226",3,"add"
"2aqtaq6bcy",2,"Summer 2020","BUS226",-3,"drop"
"w6yrghsphz",2,"Summer 2020","BUS201",3,"add"
"w6yrghsphz",2,"Summer 2020","BUS224",3,"add"
"w6yrghsphz",2,"Summer 2020","BUS208",3,"add"
"8ssv2wyvl6",2,"Summer 2020","BUS201",3,"add"
"8ssv2wyvl6",2,"Summer 2020","BUS210",3,"add"
"8ssv2wyvl6",2,"Summer 2020","BUS212",3,"add"
"8ssv2wyvl6",2,"Summer 2020","BUS213",3,"add"
"eeua8ozfdg",2,"Summer 2020","BUS201",3,"add"
"eeua8ozfdg",2,"Summer 2020","BUS225",3,"add"
"eeua8ozfdg",2,"Summer 2020","BUS204",4,"add"
"cv6xk53ek5",2,"Summer 2020","BUS201",3,"add"
"cv6xk53ek5",2,"Summer 2020","BUS216",3,"add"
"cuwonkdjla",2,"Summer 2020","BUS201",3,"add"
"cuwonkdjla",2,"Summer 2020","BUS214",3,"add"
"cuwonkdjla",2,"Summer 2020","BUS219",3,"add"
"cuwonkdjla",2,"Summer 2020","BUS226",3,"add"
"jsdwl6w7k6",2,"Summer 2020","BUS201",3,"add"
"jsdwl6w7k6",2,"Summer 2020","BUS206",3,"add"
"jsdwl6w7k6",2,"Summer 2020","BUS205",3,"add"
"kndz29gjo0",2,"Summer 2020","BUS201",3,"add"
"kndz29gjo0",2,"Summer 2020","BUS212",3,"add"
"kndz29gjo0",2,"Summer 2020","BUS213",3,"add"
"yzyfd9bkgn",2,"Summer 2020","BUS201",3,"add"
"yzyfd9bkgn",2,"Summer 2020","BUS218",3,"add"
"pzhk7oppm5",2,"Summer 2020","BUS201",3,"add"
"pzhk7oppm5",2,"Summer 2020","BUS209",3,"add"
"pzhk7oppm5",2,"Summer 2020","BUS215",3,"add"
"pzhk7oppm5",2,"Summer 2020","BUS215",-3,"drop"
"pzhk7oppm5",2,"Summer 2020","BUS209",-3,"drop"
"pzhk7oppm5",2,"Summer 2020","BUS201",-3,"drop"
"i4oa0mdjls",2,"Summer 2020","BUS201",3,"add"
"i4oa0mdjls",2,"Summer 2020","BUS223",3,"add"
"i4oa0mdjls",2,"Summer 2020","BUS204",3,"add"
"z1lr0t3cha",2,"Summer 2020","BUS201",3,"add"
"z1lr0t3cha",2,"Summer 2020","BUS204",3,"add"
"z1lr0t3cha",2,"Summer 2020","BUS211",3,"add"
"1us1gb14pq",2,"Summer 2020","BUS201",3,"add"
"1us1gb14pq",2,"Summer 2020","BUS213",4,"add"
"1us1gb14pq",2,"Summer 2020","BUS211",3,"add"
"1us1gb14pq",2,"Summer 2020","BUS219",3,"add"
"aavotv6goi",2,"Summer 2020","BUS201",3,"add"
"aavotv6goi",2,"Summer 2020","BUS229",3,"add"
"aavotv6goi",2,"Summer 2020","BUS201",-3,"drop"
"aavotv6goi",2,"Summer 2020","BUS229",-3,"drop"
"56ypn5mek5",2,"Summer 2020","BUS201",4,"add"
"56ypn5mek5",2,"Summer 2020","BUS202",3,"add"
"56ypn5mek5",2,"Summer 2020","BUS219",3,"add"
"4xgsa7zgkz",2,"Summer 2020","BUS201",3,"add"
"4xgsa7zgkz",2,"Summer 2020","BUS208",3,"add"
"4xgsa7zgkz",2,"Summer 2020","BUS221",4,"add"
"4xgsa7zgkz",2,"Summer 2020","BUS212",3,"add"
"vh7u77ak90",2,"Summer 2020","BUS201",4,"add"
"vh7u77ak90",2,"Summer 2020","BUS219",3,"add"
"azibq1t3pu",2,"Summer 2020","BUS201",3,"add"
"azibq1t3pu",2,"Summer 2020","BUS204",3,"add"
"azibq1t3pu",2,"Summer 2020","BUS213",3,"add"
"azibq1t3pu",2,"Summer 2020","BUS201",-3,"drop"
"azibq1t3pu",2,"Summer 2020","BUS204",-3,"drop"
"azibq1t3pu",2,"Summer 2020","BUS213",-3,"drop"
"tweggftrif",2,"Summer 2020","BUS201",3,"add"
"tweggftrif",2,"Summer 2020","BUS227",3,"add"
"tweggftrif",2,"Summer 2020","BUS212",3,"add"
"1k3i8zl6u3",2,"Summer 2020","BUS201",3,"add"
"1k3i8zl6u3",2,"Summer 2020","BUS226",3,"add"
"54tz6ui4wj",2,"Summer 2020","BUS201",3,"add"
"54tz6ui4wj",2,"Summer 2020","BUS229",3,"add"
"54tz6ui4wj",2,"Summer 2020","BUS214",3,"add"
"54tz6ui4wj",2,"Summer 2020","BUS206",3,"add"
"0f78vfp10n",2,"Summer 2020","BUS201",3,"add"
"0f78vfp10n",2,"Summer 2020","BUS225",3,"add"
"jjih6r6j3o",2,"Summer 2020","BUS201",3,"add"
"jjih6r6j3o",2,"Summer 2020","BUS213",3,"add"
"qqnkuk9ihk",2,"Summer 2020","BUS201",3,"add"
"qqnkuk9ihk",2,"Summer 2020","BUS202",3,"add"
"qqnkuk9ihk",2,"Summer 2020","BUS207",3,"add"
"qqnkuk9ihk",2,"Summer 2020","BUS222",3,"add"
"qqnkuk9ihk",2,"Summer 2020","BUS207",-3,"drop"
"cfe176hjb3",2,"Summer 2020","BUS201",3,"add"
"cfe176hjb3",2,"Summer 2020","BUS220",3,"add"
"cfe176hjb3",2,"Summer 2020","BUS229",3,"add"
"cfe176hjb3",2,"Summer 2020","BUS229",-3,"drop"
"cfe176hjb3",2,"Summer 2020","BUS220",-3,"drop"
"cfe176hjb3",2,"Summer 2020","BUS201",-3,"drop"
"eb3xhyjstp",2,"Summer 2020","BUS201",3,"add"
"eb3xhyjstp",2,"Summer 2020","BUS211",3,"add"
"k3l92xqcm9",2,"Summer 2020","BUS201",3,"add"
"k3l92xqcm9",2,"Summer 2020","BUS214",3,"add"
"k3l92xqcm9",2,"Summer 2020","BUS224",4,"add"
"o7u7663dyv",2,"Summer 2020","BUS201",3,"add"
"o7u7663dyv",2,"Summer 2020","BUS229",3,"add"
"b06sy5zuj3",2,"Summer 2020","BUS201",4,"add"
"b06sy5zuj3",2,"Summer 2020","BUS205",3,"add"
"b06sy5zuj3",2,"Summer 2020","BUS213",3,"add"
"b06sy5zuj3",2,"Summer 2020","BUS205",-3,"drop"
"qcjc3e8px6",2,"Summer 2020","BUS201",4,"add"
"qcjc3e8px6",2,"Summer 2020","BUS204",3,"add"
"qcjc3e8px6",2,"Summer 2020","BUS201",-4,"drop"
"ehsx4fm2vg",2,"Summer 2020","BUS201",3,"add"
"ehsx4fm2vg",2,"Summer 2020","BUS204",3,"add"
"ehsx4fm2vg",2,"Summer 2020","BUS222",3,"add"
"ehsx4fm2vg",2,"Summer 2020","BUS211",3,"add"
"5j75s53kxi",2,"Summer 2020","BUS201",3,"add"
"5j75s53kxi",2,"Summer 2020","BUS221",4,"add"
"5j75s53kxi",2,"Summer 2020","BUS229",4,"add"
"5j75s53kxi",2,"Summer 2020","BUS220",3,"add"
"tyr8eyqgy1",2,"Summer 2020","BUS201",3,"add"
"tyr8eyqgy1",2,"Summer 2020","BUS202",4,"add"
"tyr8eyqgy1",2,"Summer 2020","BUS214",4,"add"
"tyr8eyqgy1",2,"Summer 2020","BUS230",3,"add"
"piqtrmda02",2,"Summer 2020","BUS201",3,"add"
"piqtrmda02",2,"Summer 2020","BUS205",3,"add"
"piqtrmda02",2,"Summer 2020","BUS220",4,"add"
"piqtrmda02",2,"Summer 2020","BUS205",-3,"drop"
"piqtrmda02",2,"Summer 2020","BUS220",-4,"drop"
"piqtrmda02",2,"Summer 2020","BUS201",-3,"drop"
"b2apbalcdk",2,"Summer 2020","BUS201",3,"add"
"b2apbalcdk",2,"Summer 2020","BUS212",3,"add"
"b2apbalcdk",2,"Summer 2020","BUS218",4,"add"
"wkkpesbadm",2,"Summer 2020","BUS201",3,"add"
"wkkpesbadm",2,"Summer 2020","BUS230",3,"add"
"wkkpesbadm",2,"Summer 2020","BUS207",3,"add"
"wkkpesbadm",2,"Summer 2020","BUS203",3,"add"
"zacjexrxhs",2,"Summer 2020","BUS201",3,"add"
"zacjexrxhs",2,"Summer 2020","BUS230",3,"add"
"1z5ink9xxz",2,"Summer 2020","BUS201",4,"add"
"1z5ink9xxz",2,"Summer 2020","BUS210",3,"add"
"1z5ink9xxz",2,"Summer 2020","BUS216",3,"add"
"9wg05kjz9t",2,"Summer 2020","BUS201",3,"add"
"9wg05kjz9t",2,"Summer 2020","BUS214",4,"add"
"6kzm01zib7",2,"Summer 2020","BUS201",4,"add"
"6kzm01zib7",2,"Summer 2020","BUS210",3,"add"
"6kzm01zib7",2,"Summer 2020","BUS201",-4,"drop"
"6kzm01zib7",2,"Summer 2020","BUS210",-3,"drop"
"lu0iv0ojnn",2,"Summer 2020","BUS201",4,"add"
"lu0iv0ojnn",2,"Summer 2020","BUS207",3,"add"
"lu0iv0ojnn",2,"Summer 2020","BUS211",3,"add"
"lu0iv0ojnn",2,"Summer 2020","BUS201",-4,"drop"
"ditgeeqijr",2,"Summer 2020","BUS201",3,"add"
"ditgeeqijr",2,"Summer 2020","BUS204",3,"add"
"ditgeeqijr",2,"Summer 2020","BUS223",4,"add"
"ditgeeqijr",2,"Summer 2020","BUS220",3,"add"
"wp64s04pcz",2,"Summer 2020","BUS201",3,"add"
"wp64s04pcz",2,"Summer 2020","BUS206",3,"add"
"wp64s04pcz",2,"Summer 2020","BUS222",4,"add"
"wp64s04pcz",2,"Summer 2020","BUS217",3,"add"
"2ceuipo3n2",2,"Summer 2020","BUS201",3,"add"
"2ceuipo3n2",2,"Summer 2020","BUS204",3,"add"
"2ceuipo3n2",2,"Summer 2020","BUS219",4,"add"
"ml1sexf123",2,"Summer 2020","BUS201",3,"add"
"ml1sexf123",2,"Summer 2020","BUS221",3,"add"
"ml1sexf123",2,"Summer 2020","BUS212",3,"add"
"ml1sexf123",2,"Summer 2020","BUS209",4,"add"
"e9qdx91ysx",2,"Summer 2020","BUS201",3,"add"
"e9qdx91ysx",2,"Summer 2020","BUS216",3,"add"
"jzdpmrexjp",2,"Summer 2020","BUS201",3,"add"
"jzdpmrexjp",2,"Summer 2020","BUS212",3,"add"
"jzdpmrexjp",2,"Summer 2020","BUS215",3,"add"
"jzdpmrexjp",2,"Summer 2020","BUS201",-3,"drop"
"jzdpmrexjp",2,"Summer 2020","BUS212",-3,"drop"
"jzdpmrexjp",2,"Summer 2020","BUS215",-3,"drop"
"vb8cn11wop",2,"Summer 2020","BUS201",3,"add"
"vb8cn11wop",2,"Summer 2020","BUS207",3,"add"
"vb8cn11wop",2,"Summer 2020","BUS203",4,"add"
"23jaxbfj2v",2,"Summer 2020","BUS201",3,"add"
"23jaxbfj2v",2,"Summer 2020","BUS222",4,"add"
"23jaxbfj2v",2,"Summer 2020","BUS216",4,"add"
"23jaxbfj2v",2,"Summer 2020","BUS208",3,"add"
"foz1vgue4u",2,"Summer 2020","BUS201",3,"add"
"foz1vgue4u",2,"Summer 2020","BUS202",3,"add"
"foz1vgue4u",2,"Summer 2020","BUS222",4,"add"
"jrs6621eb0",2,"Summer 2020","BUS201",3,"add"
"jrs6621eb0",2,"Summer 2020","BUS227",3,"add"
"jrs6621eb0",2,"Summer 2020","BUS207",3,"add"
"jrs6621eb0",2,"Summer 2020","BUS203",3,"add"
"jrs6621eb0",2,"Summer 2020","BUS203",-3,"drop"
"fvecnwn5pd",2,"Summer 2020","BUS201",3,"add"
"fvecnwn5pd",2,"Summer 2020","BUS225",3,"add"
"fvecnwn5pd",2,"Summer 2020","BUS211",4,"add"
"fvecnwn5pd",2,"Summer 2020","BUS222",3,"add"
"fvecnwn5pd",2,"Summer 2020","BUS222",-3,"drop"
"is7ltx3ny9",2,"Summer 2020","BUS201",4,"add"
"is7ltx3ny9",2,"Summer 2020","BUS221",3,"add"
"is7ltx3ny9",2,"Summer 2020","BUS225",4,"add"
"is7ltx3ny9",2,"Summer 2020","BUS221",-3,"drop"
"yt2u9uz6qy",2,"Summer 2020","BUS201",3,"add"
"yt2u9uz6qy",2,"Summer 2020","BUS223",4,"add"
"yt2u9uz6qy",2,"Summer 2020","BUS213",3,"add"
"yt2u9uz6qy",2,"Summer 2020","BUS208",3,"add"
"9iduyvxjne",2,"Summer 2020","BUS201",4,"add"
"9iduyvxjne",2,"Summer 2020","BUS213",3,"add"
"9iduyvxjne",2,"Summer 2020","BUS222",3,"add"
"9iduyvxjne",2,"Summer 2020","BUS211",3,"add"
"9iduyvxjne",2,"Summer 2020","BUS222",-3,"drop"
"9iduyvxjne",2,"Summer 2020","BUS211",-3,"drop"
"9iduyvxjne",2,"Summer 2020","BUS201",-4,"drop"
"9iduyvxjne",2,"Summer 2020","BUS213",-3,"drop"
"qej6yl17i0",2,"Summer 2020","BUS201",4,"add"
"qej6yl17i0",2,"Summer 2020","BUS215",3,"add"
"i7ovnorcht",2,"Summer 2020","BUS201",4,"add"
"i7ovnorcht",2,"Summer 2020","BUS206",3,"add"
"i7ovnorcht",2,"Summer 2020","BUS219",4,"add"
"2wihkli60f",2,"Summer 2020","BUS201",3,"add"
"2wihkli60f",2,"Summer 2020","BUS212",3,"add"
"kavx97feyi",2,"Summer 2020","BUS201",3,"add"
"kavx97feyi",2,"Summer 2020","BUS218",3,"add"
"kavx97feyi",2,"Summer 2020","BUS210",3,"add"
"8p7r1jriai",2,"Summer 2020","BUS201",3,"add"
"8p7r1jriai",2,"Summer 2020","BUS215",4,"add"
"8p7r1jriai",2,"Summer 2020","BUS227",3,"add"
"8p7r1jriai",2,"Summer 2020","BUS227",-3,"drop"
"8p7r1jriai",2,"Summer 2020","BUS201",-3,"drop"
"8p7r1jriai",2,"Summer 2020","BUS215",-4,"drop"
"wdyqrzjiie",2,"Summer 2020","BUS201",3,"add"
"wdyqrzjiie",2,"Summer 2020","BUS229",4,"add"
"wdyqrzjiie",2,"Summer 2020","BUS218",4,"add"
"wdyqrzjiie",2,"Summer 2020","BUS224",4,"add"
"fxgjntdjgp",2,"Summer 2020","BUS201",3,"add"
"fxgjntdjgp",2,"Summer 2020","BUS208",3,"add"
"fxgjntdjgp",2,"Summer 2020","BUS206",3,"add"
"fxgjntdjgp",2,"Summer 2020","BUS213",3,"add"
"fxgjntdjgp",2,"Summer 2020","BUS208",-3,"drop"
"fxgjntdjgp",2,"Summer 2020","BUS213",-3,"drop"
"fxgjntdjgp",2,"Summer 2020","BUS201",-3,"drop"
"fxgjntdjgp",2,"Summer 2020","BUS206",-3,"drop"
"o3qdp9kwxl",2,"Summer 2020","BUS201",3,"add"
"o3qdp9kwxl",2,"Summer 2020","BUS229",4,"add"
"hw3ua0ujvb",2,"Summer 2020","BUS201",4,"add"
"hw3ua0ujvb",2,"Summer 2020","BUS225",3,"add"
"hw3ua0ujvb",2,"Summer 2020","BUS229",3,"add"
"4taoz2kxmw",2,"Summer 2020","BUS201",3,"add"
"4taoz2kxmw",2,"Summer 2020","BUS218",3,"add"
"7jvm7np86s",2,"Summer 2020","BUS201",4,"add"
"7jvm7np86s",2,"Summer 2020","BUS208",3,"add"
"7jvm7np86s",2,"Summer 2020","BUS203",3,"add"
"7jvm7np86s",2,"Summer 2020","BUS212",3,"add"
"vnfw09d6rf",2,"Summer 2020","BUS201",3,"add"
"vnfw09d6rf",2,"Summer 2020","BUS214",3,"add"
"vnfw09d6rf",2,"Summer 2020","BUS230",3,"add"
"vnfw09d6rf",2,"Summer 2020","BUS201",-3,"drop"
"vnfw09d6rf",2,"Summer 2020","BUS214",-3,"drop"
"vnfw09d6rf",2,"Summer 2020","BUS230",-3,"drop"
"yp7lq8llmk",2,"Summer 2020","BUS201",4,"add"
"yp7lq8llmk",2,"Summer 2020","BUS217",3,"add"
"yp7lq8llmk",2,"Summer 2020","BUS228",3,"add"
"jtjzzbpw5y",2,"Summer 2020","BUS201",3,"add"
"jtjzzbpw5y",2,"Summer 2020","BUS230",3,"add"
"jtjzzbpw5y",2,"Summer 2020","BUS208",3,"add"
"jtjzzbpw5y",2,"Summer 2020","BUS224",3,"add"
"1il3v65vjk",2,"Summer 2020","BUS201",3,"add"
"1il3v65vjk",2,"Summer 2020","BUS217",3,"add"
"ymumvtep5l",2,"Summer 2020","BUS201",3,"add"
"ymumvtep5l",2,"Summer 2020","BUS210",4,"add"
"e79h1ltme3",2,"Summer 2020","BUS201",3,"add"
"e79h1ltme3",2,"Summer 2020","BUS230",4,"add"
"e79h1ltme3",2,"Summer 2020","BUS212",3,"add"
"e79h1ltme3",2,"Summer 2020","BUS220",3,"add"
"26o5y40mry",2,"Summer 2020","BUS201",3,"add"
"26o5y40mry",2,"Summer 2020","BUS222",3,"add"
"26o5y40mry",2,"Summer 2020","BUS222",-3,"drop"
"26o5y40mry",2,"Summer 2020","BUS201",-3,"drop"
"9x9trex0um",2,"Summer 2020","BUS201",4,"add"
"9x9trex0um",2,"Summer 2020","BUS211",3,"add"
"9x9trex0um",2,"Summer 2020","BUS216",3,"add"
"9x9trex0um",2,"Summer 2020","BUS229",3,"add"
"9x9trex0um",2,"Summer 2020","BUS211",-3,"drop"
"9x9trex0um",2,"Summer 2020","BUS229",-3,"drop"
"9x9trex0um",2,"Summer 2020","BUS216",-3,"drop"
"9x9trex0um",2,"Summer 2020","BUS201",-4,"drop"
"fy1rxqs7vc",2,"Summer 2020","BUS201",3,"add"
"fy1rxqs7vc",2,"Summer 2020","BUS226",4,"add"
"fy1rxqs7vc",2,"Summer 2020","BUS201",-3,"drop"
"fy1rxqs7vc",2,"Summer 2020","BUS226",-4,"drop"
"et8ms4dryf",2,"Summer 2020","BUS201",3,"add"
"et8ms4dryf",2,"Summer 2020","BUS228",4,"add"
"et8ms4dryf",2,"Summer 2020","BUS201",-3,"drop"
"et8ms4dryf",2,"Summer 2020","BUS228",-4,"drop"
"epbshx1hbu",2,"Summer 2020","BUS201",4,"add"
"epbshx1hbu",2,"Summer 2020","BUS206",3,"add"
"epbshx1hbu",2,"Summer 2020","BUS226",3,"add"
"epbshx1hbu",2,"Summer 2020","BUS206",-3,"drop"
"6z4uzqqw0c",2,"Summer 2020","BUS201",3,"add"
"6z4uzqqw0c",2,"Summer 2020","BUS206",4,"add"
"pecx39xzze",2,"Summer 2020","BUS201",3,"add"
"pecx39xzze",2,"Summer 2020","BUS215",3,"add"
"m76s7sqkn9",2,"Summer 2020","BUS201",3,"add"
"m76s7sqkn9",2,"Summer 2020","BUS206",4,"add"
"m76s7sqkn9",2,"Summer 2020","BUS201",-3,"drop"
"4oxqgv9yui",2,"Summer 2020","BUS201",3,"add"
"4oxqgv9yui",2,"Summer 2020","BUS216",3,"add"
"4oxqgv9yui",2,"Summer 2020","BUS201",-3,"drop"
"p2t4yjdsa1",2,"Summer 2020","BUS201",3,"add"
"p2t4yjdsa1",2,"Summer 2020","BUS226",3,"add"
"3i6wzzlugb",2,"Summer 2020","BUS201",3,"add"
"3i6wzzlugb",2,"Summer 2020","BUS203",3,"add"
"3i6wzzlugb",2,"Summer 2020","BUS204",3,"add"
"3i6wzzlugb",2,"Summer 2020","BUS216",3,"add"
"14r98fc2dh",2,"Summer 2020","BUS201",4,"add"
"14r98fc2dh",2,"Summer 2020","BUS210",3,"add"
"wgarhxtmdz",2,"Summer 2020","BUS201",3,"add"
"wgarhxtmdz",2,"Summer 2020","BUS207",3,"add"
"wgarhxtmdz",2,"Summer 2020","BUS221",3,"add"
"wgarhxtmdz",2,"Summer 2020","BUS212",3,"add"
"wgarhxtmdz",2,"Summer 2020","BUS201",-3,"drop"
"ayx1bm9yti",2,"Summer 2020","BUS201",3,"add"
"ayx1bm9yti",2,"Summer 2020","BUS226",3,"add"
"ayx1bm9yti",2,"Summer 2020","BUS203",3,"add"
"ayx1bm9yti",2,"Summer 2020","BUS203",-3,"drop"
"18qeq31x2o",2,"Summer 2020","BUS201",4,"add"
"18qeq31x2o",2,"Summer 2020","BUS206",3,"add"
"18qeq31x2o",2,"Summer 2020","BUS224",4,"add"
"18qeq31x2o",2,"Summer 2020","BUS228",4,"add"
"knnefgfjyc",2,"Summer 2020","BUS201",4,"add"
"knnefgfjyc",2,"Summer 2020","BUS206",3,"add"
"9n6aj873lc",2,"Summer 2020","BUS201",4,"add"
"9n6aj873lc",2,"Summer 2020","BUS207",3,"add"
"ew269ufa34",2,"Summer 2020","BUS201",3,"add"
"ew269ufa34",2,"Summer 2020","BUS210",3,"add"
"ew269ufa34",2,"Summer 2020","BUS203",4,"add"
"ew269ufa34",2,"Summer 2020","BUS203",-4,"drop"
"vncaehn5zx",2,"Summer 2020","BUS201",3,"add"
"vncaehn5zx",2,"Summer 2020","BUS204",3,"add"
"vncaehn5zx",2,"Summer 2020","BUS224",3,"add"
"u9197lzdtc",2,"Summer 2020","BUS201",3,"add"
"u9197lzdtc",2,"Summer 2020","BUS215",3,"add"
"u9197lzdtc",2,"Summer 2020","BUS227",3,"add"
"u9197lzdtc",2,"Summer 2020","BUS224",3,"add"
"vmkcvoevua",2,"Summer 2020","BUS201",3,"add"
"vmkcvoevua",2,"Summer 2020","BUS216",3,"add"
"srtg1xmy60",2,"Summer 2020","BUS201",4,"add"
"srtg1xmy60",2,"Summer 2020","BUS220",3,"add"
"srtg1xmy60",2,"Summer 2020","BUS205",3,"add"
"l04i59c5wf",2,"Summer 2020","BUS201",4,"add"
"l04i59c5wf",2,"Summer 2020","BUS203",3,"add"
"0qyqdhtxoy",2,"Summer 2020","BUS201",3,"add"
"0qyqdhtxoy",2,"Summer 2020","BUS220",3,"add"
"0qyqdhtxoy",2,"Summer 2020","BUS204",3,"add"
"evgqqp6y6k",2,"Summer 2020","BUS201",3,"add"
"evgqqp6y6k",2,"Summer 2020","BUS210",3,"add"
"ftbdglzj63",2,"Summer 2020","BUS201",3,"add"
"ftbdglzj63",2,"Summer 2020","BUS216",4,"add"
"ftbdglzj63",2,"Summer 2020","BUS216",-4,"drop"
"q3vplgny1o",2,"Summer 2020","BUS201",3,"add"
"q3vplgny1o",2,"Summer 2020","BUS202",3,"add"
"q3vplgny1o",2,"Summer 2020","BUS206",4,"add"
"tpknat2g36",2,"Summer 2020","BUS201",4,"add"
"tpknat2g36",2,"Summer 2020","BUS230",3,"add"
"tpknat2g36",2,"Summer 2020","BUS225",3,"add"
"01f6d3gbzx",2,"Summer 2020","BUS201",3,"add"
"01f6d3gbzx",2,"Summer 2020","BUS225",3,"add"
"01f6d3gbzx",2,"Summer 2020","BUS225",-3,"drop"
"05wk94528o",2,"Summer 2020","BUS201",3,"add"
"05wk94528o",2,"Summer 2020","BUS216",3,"add"
"05wk94528o",2,"Summer 2020","BUS207",3,"add"
"xt2hykur15",2,"Summer 2020","BUS201",3,"add"
"xt2hykur15",2,"Summer 2020","BUS211",3,"add"
"xt2hykur15",2,"Summer 2020","BUS201",-3,"drop"
"xt2hykur15",2,"Summer 2020","BUS211",-3,"drop"
"1qbkljpfx3",2,"Summer 2020","BUS201",3,"add"
"1qbkljpfx3",2,"Summer 2020","BUS225",3,"add"
"1qbkljpfx3",2,"Summer 2020","BUS205",3,"add"
"1qbkljpfx3",2,"Summer 2020","BUS218",3,"add"
"1qbkljpfx3",2,"Summer 2020","BUS205",-3,"drop"
"g88rhtzvdc",2,"Summer 2020","BUS201",3,"add"
"g88rhtzvdc",2,"Summer 2020","BUS219",3,"add"
"g88rhtzvdc",2,"Summer 2020","BUS217",3,"add"
"g88rhtzvdc",2,"Summer 2020","BUS209",3,"add"
"ouwmvzr1xi",2,"Summer 2020","BUS201",3,"add"
"ouwmvzr1xi",2,"Summer 2020","BUS207",4,"add"
"io8cl1ivb1",2,"Summer 2020","BUS201",4,"add"
"io8cl1ivb1",2,"Summer 2020","BUS217",3,"add"
"ivxj7zr3mc",2,"Summer 2020","BUS201",4,"add"
"ivxj7zr3mc",2,"Summer 2020","BUS226",3,"add"
"ivxj7zr3mc",2,"Summer 2020","BUS224",4,"add"
"ivxj7zr3mc",2,"Summer 2020","BUS217",3,"add"
"ka3es5csbo",2,"Summer 2020","BUS201",3,"add"
"ka3es5csbo",2,"Summer 2020","BUS205",3,"add"
"ka3es5csbo",2,"Summer 2020","BUS212",3,"add"
"ka3es5csbo",2,"Summer 2020","BUS201",-3,"drop"
"ka3es5csbo",2,"Summer 2020","BUS205",-3,"drop"
"ka3es5csbo",2,"Summer 2020","BUS212",-3,"drop"
"o00wzjsoxp",2,"Summer 2020","BUS201",3,"add"
"o00wzjsoxp",2,"Summer 2020","BUS202",3,"add"
"o00wzjsoxp",2,"Summer 2020","BUS203",3,"add"
"o00wzjsoxp",2,"Summer 2020","BUS221",3,"add"
"o00wzjsoxp",2,"Summer 2020","BUS202",-3,"drop"
"bedw0o19hd",2,"Summer 2020","BUS201",3,"add"
"bedw0o19hd",2,"Summer 2020","BUS211",3,"add"
"bedw0o19hd",2,"Summer 2020","BUS201",-3,"drop"
"bedw0o19hd",2,"Summer 2020","BUS211",-3,"drop"
"ysez8uq5cm",2,"Summer 2020","BUS201",3,"add"
"ysez8uq5cm",2,"Summer 2020","BUS203",3,"add"
"ysez8uq5cm",2,"Summer 2020","BUS214",4,"add"
"dnnph4k0dr",2,"Summer 2020","BUS201",3,"add"
"dnnph4k0dr",2,"Summer 2020","BUS210",3,"add"
"dnnph4k0dr",2,"Summer 2020","BUS226",3,"add"
"thwisc4qk5",2,"Summer 2020","BUS201",3,"add"
"thwisc4qk5",2,"Summer 2020","BUS220",3,"add"
"thwisc4qk5",2,"Summer 2020","BUS219",3,"add"
"06x6fn8yq5",2,"Summer 2020","BUS201",3,"add"
"06x6fn8yq5",2,"Summer 2020","BUS226",4,"add"
"06x6fn8yq5",2,"Summer 2020","BUS211",3,"add"
"06x6fn8yq5",2,"Summer 2020","BUS219",3,"add"
"06x6fn8yq5",2,"Summer 2020","BUS219",-3,"drop"
"06x6fn8yq5",2,"Summer 2020","BUS201",-3,"drop"
"06x6fn8yq5",2,"Summer 2020","BUS226",-4,"drop"
"06x6fn8yq5",2,"Summer 2020","BUS211",-3,"drop"
"x4c8h4f0wx",2,"Summer 2020","BUS201",3,"add"
"x4c8h4f0wx",2,"Summer 2020","BUS222",3,"add"
"x4c8h4f0wx",2,"Summer 2020","BUS222",-3,"drop"
"yamwnjxxv4",2,"Summer 2020","BUS201",4,"add"
"yamwnjxxv4",2,"Summer 2020","BUS229",4,"add"
"yamwnjxxv4",2,"Summer 2020","BUS209",4,"add"
"1h2dd1lv9a",2,"Summer 2020","BUS201",3,"add"
"1h2dd1lv9a",2,"Summer 2020","BUS218",3,"add"
"1h2dd1lv9a",2,"Summer 2020","BUS214",3,"add"
"1h2dd1lv9a",2,"Summer 2020","BUS218",-3,"drop"
"87s6jw3af0",2,"Summer 2020","BUS201",3,"add"
"87s6jw3af0",2,"Summer 2020","BUS214",3,"add"
"87s6jw3af0",2,"Summer 2020","BUS203",4,"add"
"87s6jw3af0",2,"Summer 2020","BUS203",-4,"drop"
"87s6jw3af0",2,"Summer 2020","BUS214",-3,"drop"
"87s6jw3af0",2,"Summer 2020","BUS201",-3,"drop"
"p0khdbanpj",2,"Summer 2020","BUS201",3,"add"
"p0khdbanpj",2,"Summer 2020","BUS209",3,"add"
"p0khdbanpj",2,"Summer 2020","BUS203",3,"add"
"p0khdbanpj",2,"Summer 2020","BUS228",3,"add"
"9d3tjzw4e1",2,"Summer 2020","BUS201",4,"add"
"9d3tjzw4e1",2,"Summer 2020","BUS215",3,"add"
"9d3tjzw4e1",2,"Summer 2020","BUS207",3,"add"
"9d3tjzw4e1",2,"Summer 2020","BUS230",4,"add"
"h5tqdx3tcs",2,"Summer 2020","BUS201",3,"add"
"h5tqdx3tcs",2,"Summer 2020","BUS208",3,"add"
"h5tqdx3tcs",2,"Summer 2020","BUS202",3,"add"
"nsc9alwn4f",2,"Summer 2020","BUS201",3,"add"
"nsc9alwn4f",2,"Summer 2020","BUS213",3,"add"
"nsc9alwn4f",2,"Summer 2020","BUS223",3,"add"
"nsc9alwn4f",2,"Summer 2020","BUS213",-3,"drop"
"pgew7tnr75",2,"Summer 2020","BUS201",3,"add"
"pgew7tnr75",2,"Summer 2020","BUS220",3,"add"
"pgew7tnr75",2,"Summer 2020","BUS224",4,"add"
"7bohge8opb",2,"Summer 2020","BUS201",3,"add"
"7bohge8opb",2,"Summer 2020","BUS210",4,"add"
"7bohge8opb",2,"Summer 2020","BUS212",4,"add"
"7bohge8opb",2,"Summer 2020","BUS214",3,"add"
"7bohge8opb",2,"Summer 2020","BUS210",-4,"drop"
"7bohge8opb",2,"Summer 2020","BUS212",-4,"drop"
"7bohge8opb",2,"Summer 2020","BUS201",-3,"drop"
"7bohge8opb",2,"Summer 2020","BUS214",-3,"drop"
"wqt2lylvpz",2,"Summer 2020","BUS201",3,"add"
"wqt2lylvpz",2,"Summer 2020","BUS229",3,"add"
"kxbt6c2v3m",2,"Summer 2020","BUS201",3,"add"
"kxbt6c2v3m",2,"Summer 2020","BUS228",4,"add"
"sbbkqwa4ss",2,"Summer 2020","BUS201",3,"add"
"sbbkqwa4ss",2,"Summer 2020","BUS219",3,"add"
"k1r1g39ul4",2,"Summer 2020","BUS201",3,"add"
"k1r1g39ul4",2,"Summer 2020","BUS216",3,"add"
"k1r1g39ul4",2,"Summer 2020","BUS203",3,"add"
"k1r1g39ul4",2,"Summer 2020","BUS229",3,"add"
"kblftgpzhd",2,"Summer 2020","BUS201",4,"add"
"kblftgpzhd",2,"Summer 2020","BUS202",3,"add"
"kblftgpzhd",2,"Summer 2020","BUS216",3,"add"
"yvkne3wcpe",2,"Summer 2020","BUS201",4,"add"
"yvkne3wcpe",2,"Summer 2020","BUS215",3,"add"
"yvkne3wcpe",2,"Summer 2020","BUS227",3,"add"
"0pby34npay",2,"Summer 2020","BUS201",4,"add"
"0pby34npay",2,"Summer 2020","BUS212",3,"add"
"0pby34npay",2,"Summer 2020","BUS214",3,"add"
"an1eyjg36b",2,"Summer 2020","BUS201",3,"add"
"an1eyjg36b",2,"Summer 2020","BUS222",3,"add"
"gp12nltvyy",2,"Summer 2020","BUS201",4,"add"
"gp12nltvyy",2,"Summer 2020","BUS221",3,"add"
"gp12nltvyy",2,"Summer 2020","BUS212",4,"add"
"gp12nltvyy",2,"Summer 2020","BUS204",4,"add"
"i62ym1sz07",2,"Summer 2020","BUS201",3,"add"
"i62ym1sz07",2,"Summer 2020","BUS230",3,"add"
"i62ym1sz07",2,"Summer 2020","BUS220",3,"add"
"i62ym1sz07",2,"Summer 2020","BUS226",3,"add"
"i62ym1sz07",2,"Summer 2020","BUS220",-3,"drop"
"5iu14zdyd7",2,"Summer 2020","BUS201",3,"add"
"5iu14zdyd7",2,"Summer 2020","BUS209",3,"add"
"9aym90hwbm",2,"Summer 2020","BUS201",3,"add"
"9aym90hwbm",2,"Summer 2020","BUS206",3,"add"
"9aym90hwbm",2,"Summer 2020","BUS223",3,"add"
"3cola1cjan",2,"Summer 2020","BUS201",3,"add"
"3cola1cjan",2,"Summer 2020","BUS219",3,"add"
"ituqpz9x08",2,"Summer 2020","BUS201",3,"add"
"ituqpz9x08",2,"Summer 2020","BUS218",3,"add"
"zwlbltaibq",2,"Summer 2020","BUS201",4,"add"
"zwlbltaibq",2,"Summer 2020","BUS218",3,"add"
"zwlbltaibq",2,"Summer 2020","BUS229",4,"add"
"zwlbltaibq",2,"Summer 2020","BUS220",3,"add"
"ohxlny4os9",2,"Summer 2020","BUS201",3,"add"
"ohxlny4os9",2,"Summer 2020","BUS207",3,"add"
"ohxlny4os9",2,"Summer 2020","BUS212",3,"add"
"ohxlny4os9",2,"Summer 2020","BUS211",4,"add"
"3gf7r6l2xc",2,"Summer 2020","BUS201",3,"add"
"3gf7r6l2xc",2,"Summer 2020","BUS225",3,"add"
"3gf7r6l2xc",2,"Summer 2020","BUS223",4,"add"
"3gf7r6l2xc",2,"Summer 2020","BUS201",-3,"drop"
"uvmiv0oezy",2,"Summer 2020","BUS201",4,"add"
"uvmiv0oezy",2,"Summer 2020","BUS215",4,"add"
"uvmiv0oezy",2,"Summer 2020","BUS204",4,"add"
"4lkho2v648",2,"Summer 2020","BUS201",4,"add"
"4lkho2v648",2,"Summer 2020","BUS212",3,"add"
"4lkho2v648",2,"Summer 2020","BUS215",3,"add"
"4lkho2v648",2,"Summer 2020","BUS204",3,"add"
"w2t04qhynm",2,"Summer 2020","BUS201",3,"add"
"w2t04qhynm",2,"Summer 2020","BUS221",3,"add"
"w2t04qhynm",2,"Summer 2020","BUS221",-3,"drop"
"w2mxs5a3sm",2,"Summer 2020","BUS201",3,"add"
"w2mxs5a3sm",2,"Summer 2020","BUS217",3,"add"
"w2mxs5a3sm",2,"Summer 2020","BUS220",3,"add"
"w2mxs5a3sm",2,"Summer 2020","BUS219",4,"add"
"xqt47duu4u",2,"Summer 2020","BUS201",3,"add"
"xqt47duu4u",2,"Summer 2020","BUS209",3,"add"
"xqt47duu4u",2,"Summer 2020","BUS215",3,"add"
"35wbchmtll",2,"Summer 2020","BUS201",3,"add"
"35wbchmtll",2,"Summer 2020","BUS227",3,"add"
"35wbchmtll",2,"Summer 2020","BUS221",4,"add"
"35wbchmtll",2,"Summer 2020","BUS204",3,"add"
"54bgm3n86a",2,"Summer 2020","BUS201",3,"add"
"54bgm3n86a",2,"Summer 2020","BUS209",3,"add"
"dkfttxqunn",2,"Summer 2020","BUS201",3,"add"
"dkfttxqunn",2,"Summer 2020","BUS210",3,"add"
"dkfttxqunn",2,"Summer 2020","BUS218",3,"add"
"oqpayfys9s",2,"Summer 2020","BUS201",4,"add"
"oqpayfys9s",2,"Summer 2020","BUS230",4,"add"
"oqpayfys9s",2,"Summer 2020","BUS217",3,"add"
"oqpayfys9s",2,"Summer 2020","BUS230",-4,"drop"
"natn5f0iop",2,"Summer 2020","BUS201",3,"add"
"natn5f0iop",2,"Summer 2020","BUS225",4,"add"
"natn5f0iop",2,"Summer 2020","BUS223",3,"add"
"natn5f0iop",2,"Summer 2020","BUS210",4,"add"
"natn5f0iop",2,"Summer 2020","BUS210",-4,"drop"
"natn5f0iop",2,"Summer 2020","BUS223",-3,"drop"
"natn5f0iop",2,"Summer 2020","BUS225",-4,"drop"
"natn5f0iop",2,"Summer 2020","BUS201",-3,"drop"
"3u49mc8g9d",2,"Summer 2020","BUS201",3,"add"
"3u49mc8g9d",2,"Summer 2020","BUS224",3,"add"
"3u49mc8g9d",2,"Summer 2020","BUS219",3,"add"
"3u49mc8g9d",2,"Summer 2020","BUS221",3,"add"
"3u49mc8g9d",2,"Summer 2020","BUS221",-3,"drop"
"6z7iowyd7x",2,"Summer 2020","BUS201",3,"add"
"6z7iowyd7x",2,"Summer 2020","BUS217",3,"add"
"6z7iowyd7x",2,"Summer 2020","BUS223",3,"add"
"s8z4fben52",2,"Summer 2020","BUS201",3,"add"
"s8z4fben52",2,"Summer 2020","BUS212",3,"add"
"s8z4fben52",2,"Summer 2020","BUS216",3,"add"
"s8z4fben52",2,"Summer 2020","BUS218",3,"add"
"tk2fj1l12a",2,"Summer 2020","BUS201",3,"add"
"tk2fj1l12a",2,"Summer 2020","BUS217",3,"add"
"k23x4n44w4",2,"Summer 2020","BUS201",3,"add"
"k23x4n44w4",2,"Summer 2020","BUS205",3,"add"
"k23x4n44w4",2,"Summer 2020","BUS205",-3,"drop"
"dmr0quepty",2,"Summer 2020","BUS201",4,"add"
"dmr0quepty",2,"Summer 2020","BUS204",3,"add"
"dmr0quepty",2,"Summer 2020","BUS220",3,"add"
"dmr0quepty",2,"Summer 2020","BUS201",-4,"drop"
"xwkcvfl1do",2,"Summer 2020","BUS201",3,"add"
"xwkcvfl1do",2,"Summer 2020","BUS220",3,"add"
"he9ysbrj48",2,"Summer 2020","BUS201",3,"add"
"he9ysbrj48",2,"Summer 2020","BUS227",3,"add"
"he9ysbrj48",2,"Summer 2020","BUS220",3,"add"
"he9ysbrj48",2,"Summer 2020","BUS225",3,"add"
"he9ysbrj48",2,"Summer 2020","BUS220",-3,"drop"
"he9ysbrj48",2,"Summer 2020","BUS225",-3,"drop"
"he9ysbrj48",2,"Summer 2020","BUS201",-3,"drop"
"he9ysbrj48",2,"Summer 2020","BUS227",-3,"drop"
"hn2vgs5f4n",2,"Summer 2020","BUS201",3,"add"
"hn2vgs5f4n",2,"Summer 2020","BUS211",3,"add"
"hn2vgs5f4n",2,"Summer 2020","BUS221",3,"add"
"hn2vgs5f4n",2,"Summer 2020","BUS211",-3,"drop"
"dvm79du4xg",2,"Summer 2020","BUS201",3,"add"
"dvm79du4xg",2,"Summer 2020","BUS210",3,"add"
"nefe2p37bd",2,"Summer 2020","BUS201",3,"add"
"nefe2p37bd",2,"Summer 2020","BUS208",3,"add"
"nefe2p37bd",2,"Summer 2020","BUS213",4,"add"
"nefe2p37bd",2,"Summer 2020","BUS225",4,"add"
"qvqoyk05j7",2,"Summer 2020","BUS201",3,"add"
"qvqoyk05j7",2,"Summer 2020","BUS225",3,"add"
"qvqoyk05j7",2,"Summer 2020","BUS230",3,"add"
"j53mr6xqtl",2,"Summer 2020","BUS201",3,"add"
"j53mr6xqtl",2,"Summer 2020","BUS229",3,"add"
"7r6ni56o9o",2,"Summer 2020","BUS201",3,"add"
"7r6ni56o9o",2,"Summer 2020","BUS206",3,"add"
"7r6ni56o9o",2,"Summer 2020","BUS201",-3,"drop"
"qdfr6y18mc",2,"Summer 2020","BUS201",3,"add"
"qdfr6y18mc",2,"Summer 2020","BUS225",3,"add"
"qdfr6y18mc",2,"Summer 2020","BUS229",3,"add"
"qdfr6y18mc",2,"Summer 2020","BUS226",3,"add"
"qsa5vomjol",2,"Summer 2020","BUS201",3,"add"
"qsa5vomjol",2,"Summer 2020","BUS202",3,"add"
"qsa5vomjol",2,"Summer 2020","BUS211",3,"add"
"qsa5vomjol",2,"Summer 2020","BUS219",3,"add"
"qsa5vomjol",2,"Summer 2020","BUS211",-3,"drop"
"y5odp3yen5",2,"Summer 2020","BUS201",3,"add"
"y5odp3yen5",2,"Summer 2020","BUS225",4,"add"
"y5odp3yen5",2,"Summer 2020","BUS203",3,"add"
"y5odp3yen5",2,"Summer 2020","BUS226",3,"add"
"y5odp3yen5",2,"Summer 2020","BUS225",-4,"drop"
"0x5vsvjps3",2,"Summer 2020","BUS201",3,"add"
"0x5vsvjps3",2,"Summer 2020","BUS213",3,"add"
"0x5vsvjps3",2,"Summer 2020","BUS228",4,"add"
"0x5vsvjps3",2,"Summer 2020","BUS204",3,"add"
"kjdnz0rh58",2,"Summer 2020","BUS201",3,"add"
"kjdnz0rh58",2,"Summer 2020","BUS219",3,"add"
"kjdnz0rh58",2,"Summer 2020","BUS205",3,"add"
"kjdnz0rh58",2,"Summer 2020","BUS212",3,"add"
"kjdnz0rh58",2,"Summer 2020","BUS212",-3,"drop"
"kjdnz0rh58",2,"Summer 2020","BUS201",-3,"drop"
"kjdnz0rh58",2,"Summer 2020","BUS219",-3,"drop"
"kjdnz0rh58",2,"Summer 2020","BUS205",-3,"drop"
"kvtppd1gel",2,"Summer 2020","BUS201",3,"add"
"kvtppd1gel",2,"Summer 2020","BUS222",3,"add"
